Date,Stock Index,Open Price,Close Price,Daily High,Daily Low,Trading Volume,GDP Growth (%),Inflation Rate (%),Unemployment Rate (%)
2000-01-01,Dow Jones,2128.75,2138.48,2143.7,2100.55,2670411,-0.37,6.06,6.1
2000-01-02,S&P 500,2046.82,2036.1799999999998,2082.83,2009.5299999999997,690220415,3.19,4.95,6.62
2000-01-03,Dow Jones,1987.92,1985.26,2022.28,1978.37,315284661,5.54,9.13,2.6
2000-01-04,Dow Jones,4625.02,4660.47,4665.26,4595.46,13098297,10.0,3.77,2.2
2000-01-05,S&P 500,1998.18,1982.18,2044.3100000000002,1966.44,385306746,1.53,2.2,8.2
2000-01-06,S&P 500,2087.8,2124.76,2153.1800000000003,2085.1800000000003,82664194,1.42,6.08,3.24
2000-01-07,Dow Jones,4037.59,3996.4,4055.78,3948.9700000000003,653722138,7.64,6.24,4.52
2000-01-08,NASDAQ,2798.96,2826.64,2864.47,2766.89,423890033,7.08,4.39,13.01
2000-01-09,Dow Jones,4106.84,4141.59,4154.46,4062.9900000000002,867172199,5.97,4.87,9.42
2000-01-10,Dow Jones,1261.46,1229.64,1296.14,1195.8400000000001,174582201,1.95,9.6,10.24
2000-01-11,Dow Jones,2950.28,2943.3100000000004,2952.27,2925.4600000000005,320527008,-0.14,7.33,4.44
2000-01-12,Dow Jones,1134.45,1101.0,1176.42,1075.37,715127821,4.13,1.11,12.77
2000-01-13,S&P 500,1250.61,1271.27,1293.68,1216.82,90792126,8.14,2.12,13.28
2000-01-14,Dow Jones,4625.75,4629.28,4661.11,4577.74,595281205,8.26,9.76,8.8
2000-01-15,NASDAQ,1556.98,1570.51,1581.57,1544.3,866560662,-3.37,7.26,13.86
2000-01-16,S&P 500,3129.68,3099.33,3163.5299999999997,3055.58,415077918,1.43,9.15,12.98
2000-01-17,NASDAQ,2644.38,2615.55,2682.9900000000002,2569.3500000000004,965696140,1.97,3.04,11.51
2000-01-18,NASDAQ,2389.37,2343.52,2413.0299999999997,2310.0,3991992,9.66,7.42,11.54
2000-01-19,NASDAQ,4599.33,4581.54,4630.22,4534.98,215525643,5.17,7.14,3.37
2000-01-20,NASDAQ,1087.29,1093.26,1116.08,1067.3999999999999,995760162,1.11,2.95,5.52
2000-01-21,S&P 500,3655.16,3690.95,3735.6499999999996,3607.5099999999998,992784081,-4.61,5.51,2.87
2000-01-22,S&P 500,4853.58,4870.2699999999995,4895.16,4818.44,349254868,3.48,6.27,2.11
2000-01-23,NASDAQ,3240.67,3234.21,3282.76,3232.11,781089324,-3.56,4.81,4.06
2000-01-24,NASDAQ,4747.29,4792.6,4832.67,4701.95,695658158,7.52,8.27,13.45
2000-01-25,S&P 500,1209.03,1230.95,1251.48,1184.81,19640512,6.29,8.33,5.12
2000-01-26,S&P 500,2675.17,2718.19,2729.69,2652.15,834168124,1.91,8.51,14.61
2000-01-27,S&P 500,2040.63,2043.39,2063.69,2012.3100000000002,97750245,1.44,8.03,9.76
2000-01-28,Dow Jones,3923.28,3899.17,3964.59,3891.7000000000003,374017896,8.46,4.88,5.08
2000-01-29,Dow Jones,4925.19,4880.469999999999,4936.57,4857.009999999999,67457001,-0.67,3.81,8.46
2000-01-30,Dow Jones,2026.12,2048.73,2074.95,1984.56,447750702,-1.26,8.31,4.85
2000-01-31,NASDAQ,3616.7,3578.83,3657.0,3578.06,897542344,9.09,4.9,14.79
2000-02-01,Dow Jones,1792.39,1772.67,1810.0600000000002,1759.02,317635926,7.14,2.46,13.01
2000-02-02,NASDAQ,3261.32,3264.57,3296.6800000000003,3261.2000000000003,835366797,7.31,5.07,2.34
2000-02-03,NASDAQ,2855.73,2862.17,2874.4500000000003,2834.94,328505418,-2.07,1.42,14.32
2000-02-04,Dow Jones,4888.02,4898.080000000001,4903.540000000001,4851.6,83911814,-2.85,6.92,11.37
2000-02-05,NASDAQ,3434.11,3400.7400000000002,3473.83,3360.8,869602526,-4.61,3.36,3.07
2000-02-06,Dow Jones,2398.03,2386.0,2402.98,2338.74,926087447,-1.44,2.61,10.72
2000-02-07,Dow Jones,1456.38,1468.1000000000001,1481.67,1425.95,828085337,6.61,9.57,10.41
2000-02-08,S&P 500,1604.99,1651.97,1694.73,1592.26,642074973,-1.4,7.77,4.84
2000-02-09,Dow Jones,1901.27,1924.03,1941.35,1855.06,820512481,5.94,7.87,11.86
2000-02-10,S&P 500,2003.87,2046.1299999999999,2094.7799999999997,1965.1,299234285,-1.22,6.24,3.13
2000-02-11,Dow Jones,4402.46,4428.68,4477.67,4373.74,322996389,0.93,8.39,8.36
2000-02-12,Dow Jones,3244.89,3254.06,3267.47,3210.1099999999997,112336516,9.75,7.59,2.13
2000-02-13,S&P 500,3093.56,3062.7599999999998,3095.61,3016.54,760179396,-1.33,5.99,14.59
2000-02-14,S&P 500,1459.08,1475.75,1511.0,1423.46,433513212,0.65,9.61,11.77
2000-02-15,Dow Jones,4440.56,4452.900000000001,4475.450000000001,4422.14,396413202,-0.48,1.92,4.07
2000-02-16,NASDAQ,3891.26,3901.51,3906.55,3855.61,931967282,-3.36,9.43,6.44
2000-02-17,S&P 500,1270.67,1269.65,1306.0500000000002,1267.64,173299941,2.35,4.01,4.09
2000-02-18,NASDAQ,3831.34,3834.21,3835.77,3812.02,368280027,0.68,5.28,11.97
2000-02-19,NASDAQ,3174.15,3157.59,3217.6600000000003,3137.27,422317180,5.42,1.23,2.77
2000-02-20,NASDAQ,1326.9,1328.8300000000002,1335.7600000000002,1318.5600000000002,58651049,7.26,5.4,12.93
2000-02-21,S&P 500,2833.2,2802.96,2839.5699999999997,2801.81,676997974,3.16,6.11,14.25
2000-02-22,NASDAQ,2938.79,2969.31,2978.09,2932.12,705322989,-4.52,9.98,10.8
2000-02-23,S&P 500,1663.1,1631.6799999999998,1711.11,1598.9499999999998,68204720,4.28,9.75,4.77
2000-02-24,NASDAQ,4782.79,4741.29,4817.45,4701.18,917879901,-4.17,9.66,6.68
2000-02-25,Dow Jones,4399.9,4393.5199999999995,4439.969999999999,4344.11,277488002,4.25,3.48,8.2
2000-02-26,Dow Jones,3676.09,3691.92,3711.8,3658.77,454777371,5.28,9.91,9.86
2000-02-27,S&P 500,2849.18,2842.95,2866.0,2812.98,429041376,-2.03,4.55,10.69
2000-02-28,Dow Jones,2647.06,2624.74,2658.7799999999997,2577.8799999999997,726822338,7.29,8.52,9.2
2000-02-29,Dow Jones,3603.89,3609.71,3633.7400000000002,3595.54,279297464,8.67,2.16,6.57
2000-03-01,NASDAQ,3181.73,3166.43,3209.32,3130.5499999999997,333936018,7.2,5.06,13.58
2000-03-02,S&P 500,1249.09,1292.3799999999999,1323.9699999999998,1211.34,594469609,-0.42,9.66,3.06
2000-03-03,NASDAQ,3050.01,3092.2700000000004,3105.1300000000006,3045.5600000000004,820368765,3.8,9.47,8.06
2000-03-04,NASDAQ,4225.61,4225.849999999999,4273.28,4182.549999999999,305825400,8.72,6.84,12.08
2000-03-05,NASDAQ,2836.96,2819.75,2845.45,2779.09,320415535,-0.19,7.98,2.79
2000-03-06,NASDAQ,1207.83,1231.54,1279.82,1206.1599999999999,728339776,7.3,1.76,11.17
2000-03-07,NASDAQ,4145.11,4098.78,4145.849999999999,4094.2299999999996,79877029,-4.86,7.22,12.66
2000-03-08,NASDAQ,1805.46,1802.94,1829.52,1800.48,404458248,-4.95,6.18,10.59
2000-03-09,NASDAQ,2034.48,2018.1100000000001,2051.15,2001.3700000000001,167771131,6.4,0.92,2.17
2000-03-10,S&P 500,1658.83,1700.8799999999999,1723.34,1633.37,487813508,6.42,1.13,4.34
2000-03-11,Dow Jones,2320.86,2272.06,2349.3900000000003,2245.44,683933050,6.83,1.08,6.45
2000-03-12,NASDAQ,4027.01,4032.2900000000004,4054.0700000000006,4013.63,684607341,8.95,7.24,5.04
2000-03-13,NASDAQ,3077.54,3101.61,3122.35,3031.96,103968425,-3.23,1.42,14.51
2000-03-14,NASDAQ,1819.53,1818.03,1856.17,1799.62,65802593,-1.52,4.68,10.47
2000-03-15,NASDAQ,4511.32,4469.86,4545.61,4467.58,580283044,8.56,3.57,5.86
2000-03-16,NASDAQ,4518.33,4565.58,4607.24,4503.32,856716960,-2.34,5.51,14.09
2000-03-17,NASDAQ,4482.31,4484.110000000001,4496.610000000001,4455.75,112593112,5.23,7.06,11.63
2000-03-18,Dow Jones,1955.18,1966.6000000000001,1997.0800000000002,1934.77,783125993,2.96,6.85,5.7
2000-03-19,Dow Jones,2804.96,2778.62,2834.2200000000003,2764.93,657295964,-3.75,5.16,6.93
2000-03-20,NASDAQ,4939.96,4938.31,4958.45,4931.740000000001,223914041,-0.72,4.64,4.59
2000-03-21,Dow Jones,4088.05,4080.96,4112.35,4040.0,545832152,2.81,3.98,14.62
2000-03-22,S&P 500,1108.67,1066.16,1124.3600000000001,1016.3500000000001,358434805,7.79,8.62,8.72
2000-03-23,NASDAQ,1260.82,1221.4399999999998,1267.9099999999999,1204.9599999999998,317188026,5.61,3.31,13.65
2000-03-24,S&P 500,2855.73,2889.48,2900.17,2836.65,225886856,4.33,2.59,6.5
2000-03-25,S&P 500,4636.88,4610.86,4642.16,4579.96,815739709,2.44,7.43,13.19
2000-03-26,NASDAQ,3154.81,3124.31,3188.96,3088.39,430682626,-0.52,3.6,2.7
2000-03-27,Dow Jones,2991.25,2991.74,3024.7799999999997,2971.65,378329550,-3.21,8.47,14.77
2000-03-28,S&P 500,1421.89,1448.76,1496.29,1376.64,791254083,1.14,3.28,13.86
2000-03-29,NASDAQ,3627.12,3583.31,3663.6,3555.31,335449388,-4.57,7.02,6.72
2000-03-30,S&P 500,4288.41,4296.09,4298.6900000000005,4265.889999999999,475226213,-1.83,0.45,12.07
2000-03-31,S&P 500,2521.68,2483.6,2565.89,2451.27,824342099,1.49,3.86,11.78
2000-04-01,S&P 500,4102.45,4056.1,4145.58,4008.46,578975920,1.28,3.43,13.72
2000-04-02,S&P 500,4857.91,4813.18,4880.08,4773.450000000001,693648470,-4.34,8.17,5.99
2000-04-03,Dow Jones,1815.07,1848.49,1877.78,1813.07,741479396,3.84,9.67,8.05
2000-04-04,S&P 500,3093.32,3055.1200000000003,3142.1200000000003,3038.5000000000005,83889149,3.25,4.61,13.24
2000-04-05,S&P 500,2148.55,2103.07,2175.17,2079.54,773567918,-3.83,8.25,12.12
2000-04-06,S&P 500,4171.42,4165.21,4216.6900000000005,4149.4800000000005,659985095,9.15,7.0,7.12
2000-04-07,Dow Jones,3310.37,3344.77,3348.92,3275.3599999999997,66932792,-3.51,9.67,12.99
2000-04-08,S&P 500,3538.33,3514.5699999999997,3547.88,3473.2599999999998,578281956,7.82,8.11,2.61
2000-04-09,S&P 500,4191.66,4183.83,4213.7,4147.26,346079543,-5.0,0.77,12.17
2000-04-10,Dow Jones,2583.88,2537.87,2613.12,2488.4,742520684,8.23,7.13,4.69
2000-04-11,Dow Jones,4660.36,4655.2699999999995,4701.17,4641.639999999999,210065568,-4.7,5.35,5.72
2000-04-12,Dow Jones,3132.12,3139.88,3189.29,3088.37,381928032,6.37,0.16,8.41
2000-04-13,S&P 500,1631.82,1638.9099999999999,1658.35,1593.49,858221766,0.43,2.51,7.85
2000-04-14,Dow Jones,3783.6,3766.8399999999997,3785.97,3748.7299999999996,960919870,6.07,9.22,8.77
2000-04-15,Dow Jones,4173.05,4154.6,4213.110000000001,4117.89,88232789,1.03,9.26,9.08
2000-04-16,S&P 500,2267.05,2227.71,2297.27,2222.51,418511556,-3.94,7.99,6.31
2000-04-17,Dow Jones,4428.72,4415.400000000001,4438.650000000001,4375.93,267908397,6.51,9.82,4.28
2000-04-18,S&P 500,4624.57,4584.5199999999995,4649.3099999999995,4557.9,925614420,-3.93,8.07,11.99
2000-04-19,NASDAQ,2107.62,2134.2799999999997,2171.3999999999996,2093.0099999999998,312539837,8.83,0.1,7.2
2000-04-20,Dow Jones,4934.09,4980.72,5019.240000000001,4901.3,674155416,-4.24,2.88,8.58
2000-04-21,NASDAQ,1562.85,1609.86,1634.84,1530.77,671068752,2.19,0.31,10.38
2000-04-22,S&P 500,1808.06,1844.57,1859.83,1797.59,631074167,5.85,0.94,13.83
2000-04-23,Dow Jones,1736.9,1746.98,1795.67,1735.38,391519430,0.9,2.19,11.2
2000-04-24,S&P 500,4575.96,4596.05,4629.22,4554.28,89001141,-1.74,5.04,2.59
2000-04-25,NASDAQ,3617.17,3595.69,3637.58,3567.21,629016505,6.39,8.48,12.9
2000-04-26,S&P 500,1608.42,1621.5,1635.52,1564.5900000000001,928499057,6.76,8.62,14.86
2000-04-27,Dow Jones,2761.29,2756.85,2797.85,2710.44,608066171,8.84,6.16,8.14
2000-04-28,Dow Jones,3461.19,3459.39,3473.3,3432.95,62531772,0.64,9.28,14.6
2000-04-29,NASDAQ,1333.86,1359.6399999999999,1368.2299999999998,1296.1699999999998,857936914,2.59,5.0,9.12
2000-04-30,S&P 500,4529.67,4507.86,4556.16,4485.889999999999,961746099,0.45,8.89,7.98
2000-05-01,Dow Jones,4214.41,4196.21,4228.91,4158.91,214911942,-1.14,4.54,6.31
2000-05-02,NASDAQ,3020.83,3063.29,3094.74,3010.59,24423911,6.27,2.77,10.55
2000-05-03,Dow Jones,4868.51,4824.13,4874.41,4805.58,630562028,0.09,9.16,4.99
2000-05-04,Dow Jones,2671.04,2669.6,2703.79,2637.89,560596730,1.42,3.88,3.36
2000-05-05,S&P 500,4936.44,4977.719999999999,4991.879999999999,4935.53,215374897,1.06,5.03,2.35
2000-05-06,Dow Jones,3671.68,3682.72,3682.73,3635.56,920749207,5.69,3.29,5.8
2000-05-07,S&P 500,3538.69,3543.33,3549.68,3496.91,781941002,8.77,6.63,7.15
2000-05-08,Dow Jones,1663.82,1638.79,1710.5,1618.83,321197992,5.0,9.95,9.18
2000-05-09,NASDAQ,4527.71,4512.04,4571.08,4489.64,841746806,2.07,0.26,5.81
2000-05-10,Dow Jones,2709.96,2745.16,2756.8399999999997,2667.4,210184575,6.69,9.0,14.79
2000-05-11,S&P 500,1648.93,1654.8500000000001,1693.7700000000002,1610.15,905715957,4.61,0.04,5.79
2000-05-12,S&P 500,1050.43,1051.9,1082.3300000000002,1036.02,120588703,-4.09,3.64,7.73
2000-05-13,NASDAQ,3239.02,3198.98,3287.57,3182.78,196740327,-3.57,1.69,3.34
2000-05-14,Dow Jones,3109.6,3061.2,3128.2799999999997,3027.2599999999998,109481716,-4.43,7.57,5.39
2000-05-15,Dow Jones,3877.41,3923.7799999999997,3957.85,3849.25,773441899,1.85,0.51,2.63
2000-05-16,NASDAQ,4561.03,4548.73,4564.21,4540.62,492728830,7.39,5.53,9.27
2000-05-17,Dow Jones,1317.63,1327.95,1347.76,1302.13,419318465,-0.3,2.95,11.76
2000-05-18,Dow Jones,3925.99,3883.9599999999996,3974.18,3838.9599999999996,461955598,0.76,1.34,4.54
2000-05-19,S&P 500,1749.65,1767.96,1794.91,1715.24,779928276,8.64,7.72,6.78
2000-05-20,Dow Jones,4432.71,4475.97,4490.360000000001,4383.41,2033687,7.55,2.17,2.22
2000-05-21,Dow Jones,4276.25,4283.82,4289.83,4237.9,628454769,4.98,2.24,12.91
2000-05-22,NASDAQ,3163.18,3125.79,3198.3599999999997,3078.69,239257872,-1.0,2.75,12.14
2000-05-23,NASDAQ,3840.97,3849.14,3881.3799999999997,3830.16,569657518,-3.24,5.87,2.82
2000-05-24,S&P 500,2257.4,2284.03,2302.73,2218.83,345509363,-4.76,6.6,6.74
2000-05-25,Dow Jones,2884.67,2875.31,2932.2200000000003,2874.2999999999997,400235571,-3.39,0.18,14.42
2000-05-26,Dow Jones,4286.55,4324.53,4325.639999999999,4253.01,302541000,-0.61,2.42,7.1
2000-05-27,Dow Jones,2837.06,2851.93,2867.12,2813.6,519567266,3.28,4.31,8.84
2000-05-28,S&P 500,2431.19,2471.11,2517.1600000000003,2413.85,572500435,-4.04,3.32,6.62
2000-05-29,S&P 500,2976.85,2989.2,3005.25,2933.73,327327506,-2.96,8.84,9.75
2000-05-30,NASDAQ,4313.0,4276.13,4325.61,4233.42,560473297,-2.28,7.88,14.72
2000-05-31,S&P 500,2340.83,2321.7999999999997,2367.54,2320.68,271503507,4.48,6.26,14.97
2000-06-01,Dow Jones,1695.05,1665.23,1736.24,1634.75,825894493,4.24,3.38,12.07
2000-06-02,Dow Jones,3848.06,3888.94,3894.1,3829.67,804925991,3.26,7.01,7.26
2000-06-03,S&P 500,4303.91,4329.95,4377.099999999999,4283.13,553485440,-1.24,8.44,8.43
2000-06-04,Dow Jones,1402.55,1420.19,1459.94,1360.95,218426967,0.57,5.95,6.64
2000-06-05,Dow Jones,1959.5,1939.6,1968.56,1924.11,631418391,-3.55,7.84,14.81
2000-06-06,S&P 500,1567.89,1536.2900000000002,1603.49,1489.14,955154926,-1.6,7.49,11.2
2000-06-07,S&P 500,2391.77,2417.42,2436.67,2382.79,946599186,8.47,5.72,7.84
2000-06-08,Dow Jones,2801.4,2798.82,2821.51,2765.6800000000003,923384605,9.7,3.12,2.16
2000-06-09,Dow Jones,3995.31,3967.89,4034.47,3934.2799999999997,987151513,4.71,7.46,8.77
2000-06-10,Dow Jones,3604.59,3616.25,3664.39,3591.98,803780777,8.75,2.07,14.79
2000-06-11,NASDAQ,3483.71,3437.7400000000002,3490.04,3421.5000000000005,1889515,4.64,7.79,8.8
2000-06-12,NASDAQ,2409.5,2392.12,2430.53,2350.38,881189435,-4.5,8.05,4.37
2000-06-13,NASDAQ,4365.79,4362.65,4389.84,4324.5599999999995,963802405,9.95,8.22,2.29
2000-06-14,S&P 500,2885.15,2849.9500000000003,2903.9700000000003,2833.5000000000005,323231884,-3.52,4.73,6.61
2000-06-15,NASDAQ,4916.42,4964.89,4983.05,4889.72,136723587,5.24,1.92,13.94
2000-06-16,S&P 500,3536.57,3507.48,3539.1800000000003,3504.4,469963180,-1.21,1.0,14.96
2000-06-17,S&P 500,1505.06,1468.1,1539.34,1457.6599999999999,86383568,0.88,7.43,14.29
2000-06-18,NASDAQ,3704.71,3675.06,3726.52,3650.77,766347837,4.69,8.86,11.48
2000-06-19,NASDAQ,2300.42,2327.33,2337.0699999999997,2296.12,178041248,1.55,6.51,9.26
2000-06-20,NASDAQ,3745.31,3737.86,3786.11,3695.69,178417092,-1.24,1.44,9.68
2000-06-21,Dow Jones,1278.56,1285.1,1325.23,1242.6599999999999,888342683,0.02,9.35,9.01
2000-06-22,NASDAQ,1699.53,1651.6299999999999,1723.85,1604.4499999999998,255425599,0.12,9.89,11.19
2000-06-23,Dow Jones,4422.95,4376.389999999999,4437.87,4341.719999999999,607779479,9.39,4.33,7.45
2000-06-24,S&P 500,1908.72,1903.3,1940.6200000000001,1856.28,223070224,6.98,5.95,10.7
2000-06-25,Dow Jones,4348.16,4379.83,4394.24,4320.43,731722353,1.88,7.77,3.58
2000-06-26,NASDAQ,2117.1,2155.62,2167.42,2087.0899999999997,287683238,-2.0,7.36,5.45
2000-06-27,S&P 500,3571.53,3530.2000000000003,3608.0600000000004,3481.3500000000004,941175727,7.17,9.68,12.87
2000-06-28,S&P 500,3776.6,3780.44,3782.46,3744.49,543647207,-2.64,1.15,13.75
2000-06-29,S&P 500,3050.62,3091.94,3096.68,3049.08,836833323,-1.84,5.81,9.01
2000-06-30,Dow Jones,2221.24,2210.04,2221.58,2173.85,942336242,0.49,6.92,2.41
2000-07-01,NASDAQ,1850.58,1883.54,1891.19,1805.31,109496650,8.21,8.9,14.05
2000-07-02,S&P 500,1132.76,1096.1299999999999,1136.21,1056.35,270303051,-3.02,8.74,11.13
2000-07-03,S&P 500,2215.79,2259.33,2309.12,2186.6,868362188,-3.17,9.78,7.38
2000-07-04,S&P 500,3612.65,3637.79,3652.23,3579.08,965689215,2.41,5.12,9.78
2000-07-05,Dow Jones,4753.22,4797.35,4804.81,4703.71,945623111,-0.85,8.31,7.59
2000-07-06,Dow Jones,4484.82,4502.48,4514.53,4480.29,812175360,3.53,4.27,8.05
2000-07-07,NASDAQ,4064.26,4050.6000000000004,4111.070000000001,4017.2400000000002,795334984,1.77,4.22,13.53
2000-07-08,Dow Jones,4153.79,4197.61,4223.62,4139.62,623910939,1.52,2.53,4.09
2000-07-09,S&P 500,3659.94,3637.5,3678.18,3605.5,671161793,-3.32,8.18,3.35
2000-07-10,NASDAQ,2041.15,2024.3700000000001,2084.82,1993.99,857325709,-2.88,9.86,2.04
2000-07-11,S&P 500,4628.78,4648.86,4668.61,4621.11,516095436,7.32,2.56,6.08
2000-07-12,S&P 500,3682.93,3709.46,3726.21,3672.5899999999997,331385665,8.29,0.56,3.92
2000-07-13,Dow Jones,3241.76,3284.7000000000003,3295.0600000000004,3210.6800000000003,174563587,-1.48,8.16,4.86
2000-07-14,NASDAQ,1443.96,1414.44,1462.8500000000001,1408.03,672377355,-3.3,6.2,2.15
2000-07-15,Dow Jones,2788.22,2818.02,2833.85,2774.9599999999996,230689263,-4.2,9.6,4.95
2000-07-16,Dow Jones,2841.43,2865.2799999999997,2899.1499999999996,2799.6699999999996,403923337,4.12,2.52,6.33
2000-07-17,NASDAQ,4458.25,4414.63,4472.73,4398.28,142667970,5.73,0.71,2.41
2000-07-18,S&P 500,3186.59,3175.31,3215.4500000000003,3150.91,967242243,0.59,4.92,9.9
2000-07-19,S&P 500,2521.6,2499.88,2524.89,2452.82,201601989,5.2,0.85,9.39
2000-07-20,NASDAQ,4907.2,4887.65,4916.76,4876.29,68409238,5.69,2.62,3.26
2000-07-21,S&P 500,1442.88,1491.17,1511.54,1423.4,270595396,9.03,1.26,9.74
2000-07-22,NASDAQ,2690.19,2704.4700000000003,2751.32,2659.87,170138929,-4.03,2.24,14.98
2000-07-23,NASDAQ,1168.1,1189.87,1208.7299999999998,1130.33,608510921,-2.12,1.06,14.28
2000-07-24,Dow Jones,3959.62,4007.2799999999997,4040.4799999999996,3914.54,288691434,-3.97,9.54,2.03
2000-07-25,NASDAQ,4672.31,4660.030000000001,4685.06,4614.26,799658194,8.02,2.79,12.34
2000-07-26,Dow Jones,2120.15,2150.33,2156.68,2081.32,475599693,6.89,4.44,6.6
2000-07-27,S&P 500,4433.37,4426.82,4436.3,4415.4,227390164,3.62,8.99,2.83
2000-07-28,S&P 500,2168.87,2205.8199999999997,2221.0899999999997,2167.63,342220731,-3.75,6.77,5.85
2000-07-29,S&P 500,4643.08,4611.15,4650.96,4591.96,442221147,-0.9,6.18,6.18
2000-07-30,S&P 500,4015.85,4060.62,4069.3199999999997,4008.77,739835604,-0.53,7.06,8.8
2000-07-31,Dow Jones,4219.63,4191.51,4257.67,4155.99,803770339,3.41,8.29,10.59
2000-08-01,S&P 500,1072.03,1054.6499999999999,1072.82,1021.5899999999999,456383319,-1.13,8.78,11.74
2000-08-02,NASDAQ,4851.24,4876.86,4904.75,4849.04,181540597,-3.91,6.43,5.2
2000-08-03,NASDAQ,3906.68,3896.06,3925.6499999999996,3854.23,809464549,5.96,8.9,6.18
2000-08-04,NASDAQ,2219.0,2229.82,2255.15,2206.56,140581456,-0.51,5.35,6.01
2000-08-05,Dow Jones,4317.58,4312.04,4345.72,4290.43,191235797,1.79,2.77,6.72
2000-08-06,S&P 500,2126.08,2150.3199999999997,2165.99,2092.68,316539794,-3.09,8.8,15.0
2000-08-07,S&P 500,4491.02,4463.85,4505.780000000001,4442.38,437059637,7.04,5.41,12.11
2000-08-08,S&P 500,1450.32,1406.1699999999998,1486.99,1384.11,307758473,3.48,9.06,14.67
2000-08-09,Dow Jones,3814.74,3794.7299999999996,3858.2999999999997,3791.4499999999994,272954108,8.52,0.4,11.01
2000-08-10,NASDAQ,3162.79,3160.22,3172.42,3140.1499999999996,934278346,2.43,3.98,7.28
2000-08-11,NASDAQ,1386.14,1352.94,1391.0200000000002,1314.7,754385765,9.12,9.48,7.07
2000-08-12,S&P 500,1967.58,1953.06,2012.47,1907.3,136440193,8.38,2.5,8.35
2000-08-13,NASDAQ,1049.62,1039.62,1067.11,1018.9499999999999,607010400,3.65,9.42,7.42
2000-08-14,NASDAQ,2875.07,2830.81,2902.6400000000003,2809.63,698918762,9.01,9.54,12.77
2000-08-15,Dow Jones,2205.06,2213.39,2231.37,2169.93,541727710,-0.15,8.82,8.05
2000-08-16,Dow Jones,3393.43,3431.8599999999997,3438.1499999999996,3346.29,521668783,0.48,5.64,5.84
2000-08-17,Dow Jones,2188.95,2154.12,2218.4199999999996,2140.77,871961954,-4.32,6.47,12.07
2000-08-18,Dow Jones,2199.68,2209.46,2235.7200000000003,2177.6699999999996,628109412,3.84,8.7,13.11
2000-08-19,S&P 500,3972.77,3989.24,3999.39,3932.97,67507182,5.83,7.76,7.47
2000-08-20,Dow Jones,1192.57,1184.5,1215.1599999999999,1154.02,457332782,6.6,6.3,10.68
2000-08-21,NASDAQ,4611.58,4631.69,4671.54,4606.05,573882019,-2.75,9.82,2.76
2000-08-22,S&P 500,4409.06,4400.13,4438.580000000001,4368.74,747253334,1.66,6.86,8.88
2000-08-23,NASDAQ,3671.22,3671.68,3676.5299999999997,3661.8799999999997,986247139,-2.35,9.75,2.58
2000-08-24,NASDAQ,3372.89,3323.6299999999997,3400.29,3298.1199999999994,985559015,4.93,0.57,2.38
2000-08-25,NASDAQ,4569.21,4588.38,4623.52,4542.75,34354214,-2.63,1.39,9.97
2000-08-26,Dow Jones,1741.32,1757.45,1797.0900000000001,1697.51,819417369,8.56,4.51,5.94
2000-08-27,Dow Jones,1315.88,1269.72,1347.3400000000001,1246.6000000000001,897966744,-1.54,3.85,11.65
2000-08-28,S&P 500,1958.04,1944.87,1965.67,1930.8999999999999,490462992,-0.63,7.83,13.65
2000-08-29,S&P 500,4178.31,4226.21,4261.72,4166.76,929870670,7.76,1.61,3.81
2000-08-30,Dow Jones,1138.68,1130.75,1172.55,1087.04,674851300,1.88,9.76,11.42
2000-08-31,NASDAQ,3331.23,3331.42,3332.64,3322.68,129795523,-4.64,3.15,8.69
2000-09-01,S&P 500,4981.75,5022.74,5043.33,4960.46,26841045,2.42,4.29,3.46
2000-09-02,Dow Jones,4422.78,4444.509999999999,4461.159999999999,4413.42,124700944,-3.73,2.75,10.47
2000-09-03,Dow Jones,3085.78,3093.9900000000002,3127.46,3047.11,91632469,9.78,5.79,9.92
2000-09-04,Dow Jones,1254.56,1284.34,1295.1499999999999,1230.84,708942352,3.82,0.59,8.7
2000-09-05,NASDAQ,4325.49,4361.929999999999,4391.469999999999,4307.929999999999,154110733,-1.15,1.5,14.04
2000-09-06,Dow Jones,3395.91,3391.6,3441.5699999999997,3373.5499999999997,789311629,3.46,7.46,8.77
2000-09-07,Dow Jones,1459.73,1457.24,1499.6200000000001,1414.63,933755783,-3.85,1.87,14.88
2000-09-08,Dow Jones,1375.43,1364.04,1421.5,1336.35,39372961,7.0,2.36,8.62
2000-09-09,Dow Jones,4638.51,4685.18,4734.110000000001,4602.62,880713113,8.88,7.93,3.51
2000-09-10,S&P 500,3676.8,3696.52,3697.05,3631.9500000000003,508829100,8.12,0.93,8.12
2000-09-11,S&P 500,4317.15,4275.469999999999,4348.29,4230.379999999999,253732253,0.13,4.37,4.37
2000-09-12,Dow Jones,4515.92,4552.22,4572.860000000001,4499.49,516252181,-0.11,0.23,9.76
2000-09-13,NASDAQ,3287.09,3285.15,3330.08,3237.53,281377679,-4.47,3.47,11.01
2000-09-14,S&P 500,3069.79,3026.67,3082.38,3025.4300000000003,651613341,4.77,6.99,8.09
2000-09-15,Dow Jones,2721.71,2726.68,2775.73,2702.87,261069967,3.02,0.9,3.27
2000-09-16,S&P 500,2267.79,2259.5099999999998,2298.48,2214.72,35255909,1.89,8.88,8.09
2000-09-17,S&P 500,2738.38,2776.15,2815.83,2724.65,803391029,8.61,9.09,3.06
2000-09-18,NASDAQ,4095.52,4065.92,4099.8,4052.27,656769495,-2.48,1.05,10.87
2000-09-19,Dow Jones,3407.69,3440.34,3449.51,3392.56,292310819,-4.86,9.91,12.27
2000-09-20,Dow Jones,4570.09,4575.860000000001,4613.780000000001,4539.47,588433442,-3.9,2.98,14.51
2000-09-21,NASDAQ,2773.52,2728.98,2774.62,2707.06,428027589,-1.65,0.84,3.93
2000-09-22,NASDAQ,3428.36,3475.54,3516.38,3392.02,997020931,-4.5,0.05,8.92
2000-09-23,Dow Jones,3525.23,3526.4900000000002,3527.19,3480.48,882279953,2.54,4.09,9.38
2000-09-24,Dow Jones,3366.79,3345.88,3399.65,3312.17,262680517,-0.29,6.3,13.99
2000-09-25,NASDAQ,3810.54,3807.48,3828.79,3797.26,161450329,-2.29,3.32,10.15
2000-09-26,S&P 500,1949.73,1985.52,2016.09,1903.1,964898980,6.25,8.37,3.89
2000-09-27,S&P 500,3049.46,3029.95,3084.26,3016.73,942649882,-1.93,7.17,7.67
2000-09-28,NASDAQ,1416.9,1386.17,1434.02,1378.68,44923880,5.31,3.5,10.51
2000-09-29,S&P 500,2538.05,2500.96,2543.4500000000003,2496.46,49638538,0.24,7.34,11.1
2000-09-30,NASDAQ,2950.67,2930.46,2954.15,2902.29,90477925,2.68,9.4,13.22
2000-10-01,S&P 500,3608.9,3636.9,3666.35,3603.21,586610749,9.01,0.93,4.35
2000-10-02,S&P 500,4802.12,4799.28,4828.15,4792.34,389281039,-4.44,3.06,14.37
2000-10-03,Dow Jones,3402.6,3375.35,3439.71,3360.35,688205970,2.5,4.63,2.77
2000-10-04,Dow Jones,3974.38,3941.0,3999.87,3926.92,259063786,7.82,4.98,14.79
2000-10-05,S&P 500,3025.06,3008.33,3046.18,2978.12,168322548,3.82,5.42,13.15
2000-10-06,S&P 500,3536.42,3580.41,3600.31,3495.58,958356686,-0.85,3.01,10.58
2000-10-07,Dow Jones,1283.73,1268.03,1285.05,1229.96,605488153,0.97,6.67,11.55
2000-10-08,Dow Jones,2017.57,2066.38,2083.1600000000003,2004.45,926303351,5.2,6.45,2.94
2000-10-09,Dow Jones,2447.41,2445.93,2496.21,2433.66,673738664,8.36,5.78,2.54
2000-10-10,NASDAQ,2889.97,2857.89,2933.6499999999996,2809.6,759198199,-4.38,1.14,3.32
2000-10-11,S&P 500,1182.59,1221.6999999999998,1238.1699999999998,1182.1799999999998,599679326,-3.93,4.77,3.14
2000-10-12,Dow Jones,1560.1,1556.1399999999999,1589.49,1512.1499999999999,43125522,-0.12,3.56,9.12
2000-10-13,S&P 500,2107.26,2128.23,2170.59,2097.2700000000004,528736760,-1.51,4.91,4.8
2000-10-14,NASDAQ,4886.13,4934.5,4956.56,4838.77,686031319,-1.03,9.22,13.18
2000-10-15,NASDAQ,2325.39,2280.41,2326.29,2263.29,447657593,-1.68,4.81,7.79
2000-10-16,Dow Jones,2928.16,2887.83,2931.89,2865.81,729083528,-2.06,0.14,11.04
2000-10-17,NASDAQ,1784.39,1806.44,1831.96,1749.0300000000002,85250838,-3.04,4.39,10.49
2000-10-18,S&P 500,3443.12,3421.2999999999997,3491.5899999999997,3391.9199999999996,29357507,9.01,8.21,6.16
2000-10-19,Dow Jones,2122.73,2091.16,2157.39,2075.2599999999998,302184777,-2.84,7.8,5.16
2000-10-20,S&P 500,1827.97,1781.91,1831.52,1754.22,355289598,-1.93,5.13,6.45
2000-10-21,S&P 500,3066.29,3018.47,3075.7599999999998,2981.93,389662344,-1.31,2.5,12.36
2000-10-22,NASDAQ,1022.02,1049.47,1088.04,1019.9,561847314,9.0,4.65,9.62
2000-10-23,NASDAQ,1030.66,994.1000000000001,1072.73,993.5400000000002,354842446,6.34,5.64,5.3
2000-10-24,NASDAQ,1876.28,1873.05,1907.16,1850.1499999999999,459837490,6.85,10.0,12.63
2000-10-25,NASDAQ,1146.89,1157.48,1189.7,1140.3000000000002,721673121,-3.43,6.44,2.71
2000-10-26,NASDAQ,1432.1,1424.9399999999998,1433.52,1391.7199999999998,476575529,7.54,6.94,11.09
2000-10-27,Dow Jones,2355.44,2308.15,2396.87,2297.4500000000003,713027454,1.12,4.91,7.71
2000-10-28,S&P 500,4210.34,4238.6900000000005,4278.1,4188.7,67206738,-1.06,3.54,11.51
2000-10-29,S&P 500,3288.19,3239.2400000000002,3301.14,3229.36,860679344,3.64,8.13,14.06
2000-10-30,S&P 500,3050.67,3076.86,3112.29,3023.25,461574270,7.33,4.95,11.75
2000-10-31,S&P 500,2173.96,2213.29,2224.0299999999997,2168.16,747310003,6.68,9.95,7.75
2000-11-01,NASDAQ,4727.01,4720.29,4729.030000000001,4719.13,398611191,8.35,4.57,3.96
2000-11-02,S&P 500,2588.06,2591.61,2601.67,2585.5,589016916,8.92,0.68,12.48
2000-11-03,Dow Jones,1348.37,1346.07,1357.3,1298.36,914130145,-1.43,6.83,7.99
2000-11-04,Dow Jones,3468.27,3457.19,3485.16,3450.08,786238770,1.36,0.47,2.98
2000-11-05,S&P 500,1455.35,1494.09,1515.01,1419.9299999999998,299851472,-4.78,2.51,11.35
2000-11-06,S&P 500,2380.89,2420.2799999999997,2445.7099999999996,2377.49,634108113,8.19,3.54,5.79
2000-11-07,Dow Jones,3029.65,3013.23,3053.4900000000002,3007.82,355650433,-2.68,7.39,2.64
2000-11-08,Dow Jones,4496.89,4508.400000000001,4521.93,4471.450000000001,957518834,7.92,4.94,13.74
2000-11-09,NASDAQ,2974.19,3016.88,3018.34,2950.9500000000003,838041984,-0.06,0.29,8.28
2000-11-10,Dow Jones,3809.04,3855.25,3885.51,3761.46,261719658,0.52,6.17,5.65
2000-11-11,NASDAQ,4971.27,4972.17,4991.96,4924.030000000001,59332472,-4.41,4.11,11.31
2000-11-12,NASDAQ,1525.96,1521.24,1540.89,1482.26,518136265,-0.1,9.22,13.52
2000-11-13,NASDAQ,2098.93,2076.7999999999997,2142.2799999999997,2046.6899999999998,426556260,8.33,5.0,2.0
2000-11-14,NASDAQ,2578.3,2624.19,2661.53,2555.55,733005039,-4.62,7.09,10.94
2000-11-15,NASDAQ,2687.31,2651.59,2730.2,2633.78,568358327,1.09,2.19,11.97
2000-11-16,S&P 500,2644.08,2652.06,2676.81,2596.73,441074308,-4.53,7.61,4.73
2000-11-17,Dow Jones,4630.44,4608.7,4636.99,4578.55,544828023,0.56,7.21,8.37
2000-11-18,NASDAQ,3856.13,3834.03,3890.94,3805.0800000000004,104815798,-2.41,9.04,3.16
2000-11-19,Dow Jones,3431.62,3422.12,3441.92,3410.52,282017547,-1.22,0.34,11.71
2000-11-20,Dow Jones,2237.49,2287.37,2309.43,2235.16,131662819,8.16,4.48,13.02
2000-11-21,NASDAQ,4295.16,4250.66,4298.41,4203.4,724136414,1.54,6.79,3.41
2000-11-22,S&P 500,4820.24,4828.09,4869.360000000001,4804.55,743816310,-0.89,0.95,12.61
2000-11-23,NASDAQ,4284.79,4243.05,4291.09,4220.92,120220773,3.84,4.11,12.03
2000-11-24,S&P 500,1006.26,971.71,1051.41,965.98,286176050,-2.87,9.42,6.51
2000-11-25,Dow Jones,3545.61,3539.57,3588.82,3497.7200000000003,974307080,-1.11,4.36,10.97
2000-11-26,S&P 500,1204.54,1205.59,1228.82,1203.1599999999999,783834411,3.19,9.85,2.0
2000-11-27,S&P 500,2030.43,2006.3100000000002,2067.65,1964.6100000000001,930125849,-1.44,0.57,14.11
2000-11-28,S&P 500,1238.1,1219.75,1269.07,1212.74,543439950,5.19,7.18,9.15
2000-11-29,Dow Jones,3415.18,3373.8799999999997,3455.33,3329.5499999999997,605731023,2.37,5.81,10.06
2000-11-30,Dow Jones,3746.36,3726.6800000000003,3767.9500000000003,3690.1900000000005,299002508,6.58,5.01,10.64
2000-12-01,S&P 500,1457.95,1504.6100000000001,1543.9,1449.72,89922072,9.22,9.71,9.3
2000-12-02,S&P 500,2535.36,2579.83,2602.95,2507.07,371931165,-3.26,1.3,13.14
2000-12-03,NASDAQ,2824.95,2808.4399999999996,2872.0,2792.8099999999995,340463988,0.02,8.96,9.93
2000-12-04,S&P 500,2476.21,2483.3,2507.6200000000003,2467.3,332973047,-0.21,6.91,13.8
2000-12-05,NASDAQ,1484.1,1525.06,1548.19,1441.1399999999999,172107590,-2.73,2.59,9.57
2000-12-06,S&P 500,2675.79,2626.41,2715.04,2606.23,34801400,7.15,9.02,4.22
2000-12-07,NASDAQ,4004.71,4035.78,4076.86,3984.78,405682035,6.4,4.29,13.88
2000-12-08,Dow Jones,1284.03,1328.87,1356.59,1275.54,440142915,2.27,8.14,10.86
2000-12-09,S&P 500,1320.72,1279.8500000000001,1329.71,1260.7,280977258,3.07,3.89,11.09
2000-12-10,S&P 500,2419.09,2385.23,2442.48,2341.65,984297575,-4.11,8.51,14.81
2000-12-11,S&P 500,4766.9,4812.969999999999,4861.369999999999,4748.74,538674981,3.33,6.37,2.98
2000-12-12,S&P 500,3674.29,3678.04,3715.69,3626.71,495271864,6.87,1.41,7.57
2000-12-13,NASDAQ,3714.68,3666.1,3755.24,3618.7799999999997,418328413,3.61,6.5,5.11
2000-12-14,S&P 500,2447.68,2423.44,2449.3199999999997,2416.2000000000003,894455497,-1.02,1.91,10.2
2000-12-15,Dow Jones,3374.64,3369.6299999999997,3398.0299999999997,3360.7599999999998,266850333,5.01,4.12,12.49
2000-12-16,Dow Jones,1040.52,1059.81,1092.1399999999999,997.39,11142310,0.42,1.7,14.56
2000-12-17,S&P 500,3544.38,3567.7000000000003,3609.2000000000003,3524.7400000000002,788614726,3.17,0.22,7.91
2000-12-18,Dow Jones,4653.15,4702.69,4705.15,4652.929999999999,184397027,2.31,2.12,12.22
2000-12-19,S&P 500,3450.29,3429.04,3492.91,3415.35,898289634,0.72,5.36,13.92
2000-12-20,S&P 500,4494.79,4498.61,4526.03,4464.91,944054758,5.78,4.82,10.88
2000-12-21,Dow Jones,3895.89,3899.22,3909.0899999999997,3855.93,773239779,8.26,5.01,5.16
2000-12-22,S&P 500,1482.23,1472.79,1498.09,1466.12,199231916,-4.92,2.48,9.9
2000-12-23,Dow Jones,4609.81,4576.7300000000005,4623.910000000001,4571.200000000001,505328467,9.0,6.85,14.61
2000-12-24,NASDAQ,1265.78,1313.53,1340.07,1219.68,547854448,2.67,7.04,14.84
2000-12-25,S&P 500,3135.87,3171.2,3173.7799999999997,3098.31,79191199,5.51,3.58,10.35
2000-12-26,NASDAQ,1568.55,1568.3799999999999,1576.48,1538.8899999999999,731413626,7.83,8.81,13.53
2000-12-27,Dow Jones,1046.83,1057.1499999999999,1097.78,1008.3699999999999,553195814,2.01,6.44,4.6
2000-12-28,NASDAQ,2688.14,2660.87,2694.77,2639.43,263620848,7.52,7.13,5.2
2000-12-29,NASDAQ,2180.16,2184.54,2196.21,2142.24,907047011,-2.34,2.77,14.39
2000-12-30,Dow Jones,2944.0,2963.5,2986.17,2925.41,273057514,-2.61,0.01,3.76
2000-12-31,NASDAQ,3308.8,3310.32,3336.1800000000003,3296.6000000000004,896031933,4.86,8.65,4.48
2001-01-01,NASDAQ,1174.96,1223.99,1262.17,1138.51,425140770,8.05,8.22,7.47
2001-01-02,Dow Jones,1492.01,1503.14,1525.51,1471.03,386307434,8.39,1.23,9.66
2001-01-03,NASDAQ,3234.57,3221.67,3274.06,3172.6,299894690,4.66,3.74,9.85
2001-01-04,Dow Jones,2372.67,2399.89,2430.81,2355.2000000000003,623148811,2.88,6.61,5.8
2001-01-05,NASDAQ,3916.69,3883.7400000000002,3922.34,3837.65,660842336,-0.03,6.52,13.97
2001-01-06,Dow Jones,3609.17,3597.62,3616.9900000000002,3550.97,500805027,9.7,8.6,13.9
2001-01-07,Dow Jones,4382.42,4367.12,4404.27,4355.03,62848013,-0.2,1.4,7.1
2001-01-08,NASDAQ,3769.97,3763.1499999999996,3789.81,3723.24,963052845,6.16,4.3,7.65
2001-01-09,NASDAQ,2719.72,2747.8999999999996,2785.0799999999995,2698.0699999999997,183080684,2.98,0.97,11.13
2001-01-10,NASDAQ,3691.87,3690.29,3720.91,3644.41,280249196,4.13,3.9,10.62
2001-01-11,S&P 500,2101.52,2130.92,2150.33,2079.0099999999998,955372695,0.9,0.15,6.97
2001-01-12,S&P 500,2225.25,2232.9,2241.44,2188.03,938275278,9.47,8.98,7.39
2001-01-13,S&P 500,4155.94,4140.15,4167.28,4116.799999999999,632029598,3.58,5.27,6.52
2001-01-14,Dow Jones,2785.68,2816.68,2845.46,2774.29,595104848,9.07,8.5,5.06
2001-01-15,NASDAQ,4193.52,4167.35,4214.6900000000005,4157.38,315112139,-4.89,0.6,7.96
2001-01-16,Dow Jones,4289.69,4262.129999999999,4315.44,4240.859999999999,72716605,3.59,2.27,10.92
2001-01-17,S&P 500,4430.25,4430.7,4439.23,4392.48,977994581,5.76,2.59,11.65
2001-01-18,NASDAQ,4666.54,4642.62,4699.69,4612.37,267039958,6.18,3.87,12.13
2001-01-19,Dow Jones,2723.94,2674.85,2766.57,2640.42,272709529,8.57,8.03,6.87
2001-01-20,NASDAQ,2275.47,2290.2999999999997,2303.2,2261.35,453415309,-4.93,3.87,11.94
2001-01-21,Dow Jones,3328.79,3329.9,3354.48,3304.72,613965515,-5.0,2.05,2.08
2001-01-22,NASDAQ,2484.69,2479.2400000000002,2533.4700000000003,2477.0200000000004,29231793,2.08,0.65,8.2
2001-01-23,S&P 500,3404.3,3451.0,3467.66,3363.42,894416003,-4.56,0.79,12.32
2001-01-24,S&P 500,3822.34,3829.46,3859.21,3772.8500000000004,71694394,9.62,7.6,10.19
2001-01-25,NASDAQ,3753.62,3789.96,3794.4700000000003,3733.2799999999997,493537197,-1.67,4.45,8.16
2001-01-26,Dow Jones,2498.21,2462.16,2528.51,2461.6099999999997,663250162,2.09,7.26,10.38
2001-01-27,S&P 500,1667.44,1674.3600000000001,1678.8400000000001,1658.95,756946108,-4.08,6.82,13.79
2001-01-28,S&P 500,2722.12,2758.92,2806.88,2689.49,867962828,2.83,1.35,9.36
2001-01-29,S&P 500,1570.38,1578.69,1614.47,1539.7800000000002,103246200,0.7,1.43,12.4
2001-01-30,NASDAQ,4560.39,4582.1900000000005,4621.6,4521.0,167664189,-4.33,7.55,14.75
2001-01-31,NASDAQ,2383.51,2370.71,2418.7200000000003,2358.02,222426486,0.03,7.21,11.17
2001-02-01,Dow Jones,1617.84,1577.08,1647.33,1538.8999999999999,890591633,0.87,3.78,9.45
2001-02-02,Dow Jones,1101.79,1097.58,1124.29,1063.1799999999998,897545642,9.85,0.77,2.49
2001-02-03,Dow Jones,3583.29,3572.74,3626.21,3556.6,199770587,-1.88,0.12,6.87
2001-02-04,NASDAQ,3547.61,3584.32,3632.1600000000003,3520.34,117653925,3.17,2.88,9.35
2001-02-05,NASDAQ,2362.42,2336.82,2387.37,2329.46,564728104,9.81,0.09,12.36
2001-02-06,Dow Jones,1286.85,1333.52,1380.1,1264.2199999999998,530867691,6.88,2.3,7.7
2001-02-07,Dow Jones,2638.52,2684.33,2713.5,2594.46,621099218,9.9,4.2,14.48
2001-02-08,NASDAQ,2244.87,2219.63,2271.79,2198.57,597120493,9.52,1.21,5.53
2001-02-09,Dow Jones,3708.48,3693.29,3731.2,3651.31,106180270,2.34,1.04,11.68
2001-02-10,S&P 500,3423.12,3462.68,3473.14,3393.6099999999997,512530858,5.45,8.96,7.45
2001-02-11,NASDAQ,2458.37,2505.0299999999997,2505.22,2448.7799999999997,589396901,-3.34,5.85,8.32
2001-02-12,Dow Jones,1871.57,1865.9099999999999,1883.6499999999999,1836.85,346500909,1.62,9.34,12.43
2001-02-13,NASDAQ,4952.14,4934.240000000001,4977.63,4908.9400000000005,280799810,7.14,3.46,5.85
2001-02-14,S&P 500,2816.01,2818.6200000000003,2837.6200000000003,2796.0800000000004,673196306,2.58,6.77,3.26
2001-02-15,NASDAQ,3753.1,3771.88,3794.3,3747.12,553470931,5.54,2.05,8.76
2001-02-16,NASDAQ,1562.21,1539.56,1611.24,1518.72,463821194,6.19,6.18,8.87
2001-02-17,NASDAQ,2942.36,2966.01,2983.5200000000004,2938.7200000000003,219593975,-1.2,1.3,12.36
2001-02-18,NASDAQ,1110.15,1065.3200000000002,1132.76,1060.38,866426896,8.14,0.02,14.59
2001-02-19,S&P 500,3021.82,2976.75,3028.5,2955.95,691241596,1.9,9.32,2.72
2001-02-20,NASDAQ,4856.07,4844.7,4858.469999999999,4829.429999999999,380207802,-1.85,5.55,9.69
2001-02-21,NASDAQ,2536.83,2522.18,2575.6,2475.8999999999996,823515184,7.98,9.27,10.86
2001-02-22,Dow Jones,1155.98,1137.54,1184.51,1118.75,992930422,1.27,3.34,14.82
2001-02-23,NASDAQ,1123.82,1122.9199999999998,1161.86,1085.0299999999997,79103714,6.25,3.28,14.25
2001-02-24,Dow Jones,2551.95,2534.02,2559.4399999999996,2507.5099999999998,624213517,3.22,4.01,11.26
2001-02-25,S&P 500,1640.1,1609.33,1668.6899999999998,1574.1299999999999,94697722,0.73,7.06,8.78
2001-02-26,S&P 500,1093.41,1074.3600000000001,1106.0900000000001,1061.3500000000001,535238246,7.15,5.66,4.1
2001-02-27,S&P 500,4024.85,4072.3399999999997,4083.74,3977.75,170369272,3.77,9.25,6.99
2001-02-28,S&P 500,2834.09,2825.2000000000003,2834.67,2798.7000000000003,425064082,0.86,0.25,9.61
2001-03-01,Dow Jones,2156.98,2151.45,2163.5,2109.8799999999997,77195522,-3.36,7.08,11.43
2001-03-02,NASDAQ,4600.33,4607.98,4623.44,4582.08,816133217,8.43,3.3,10.26
2001-03-03,S&P 500,1464.56,1512.8899999999999,1518.7299999999998,1459.55,38687289,-4.47,1.8,11.28
2001-03-04,NASDAQ,4823.68,4797.84,4872.97,4764.150000000001,809171632,7.95,5.1,7.58
2001-03-05,Dow Jones,2255.87,2274.0,2289.43,2255.48,8408040,0.4,5.05,11.46
2001-03-06,Dow Jones,4553.61,4575.21,4581.7300000000005,4529.849999999999,880553429,4.59,1.37,3.87
2001-03-07,Dow Jones,3411.77,3422.5,3432.45,3402.13,420473637,8.83,2.02,4.11
2001-03-08,S&P 500,4306.83,4265.69,4336.22,4234.32,306000439,-2.72,4.08,4.12
2001-03-09,NASDAQ,4936.05,4953.74,4956.94,4887.08,437182298,3.5,4.09,13.58
2001-03-10,NASDAQ,2153.62,2110.0299999999997,2196.74,2086.81,325963220,6.47,3.18,2.99
2001-03-11,NASDAQ,4844.54,4854.15,4902.219999999999,4803.67,881025512,6.36,1.49,12.42
2001-03-12,Dow Jones,2557.93,2581.89,2594.23,2532.54,405309278,2.88,0.04,5.04
2001-03-13,S&P 500,2542.05,2513.15,2564.55,2488.36,881107674,4.37,9.7,8.09
2001-03-14,Dow Jones,2361.55,2395.71,2396.82,2315.03,280480484,6.36,9.43,13.91
2001-03-15,Dow Jones,3165.63,3118.67,3197.67,3074.17,622542337,7.62,4.84,9.62
2001-03-16,NASDAQ,1616.58,1650.96,1671.66,1577.29,429862645,6.43,9.95,4.73
2001-03-17,Dow Jones,3214.85,3210.88,3228.35,3196.07,768108334,0.31,6.74,5.69
2001-03-18,NASDAQ,3166.82,3138.5800000000004,3177.1600000000003,3111.3300000000004,53599432,9.95,0.69,13.97
2001-03-19,S&P 500,4047.61,4010.9900000000002,4080.31,3999.8,971204498,1.52,1.18,7.55
2001-03-20,NASDAQ,4334.6,4379.93,4400.740000000001,4312.400000000001,356296169,-4.63,9.16,9.63
2001-03-21,S&P 500,2761.77,2719.04,2770.75,2694.83,813098047,0.44,6.3,7.98
2001-03-22,NASDAQ,2209.33,2179.24,2243.79,2137.66,641856995,-3.08,8.43,6.92
2001-03-23,Dow Jones,2037.34,2022.12,2065.59,1977.32,95009609,-3.18,8.98,4.9
2001-03-24,Dow Jones,1778.5,1790.52,1833.45,1757.77,377398010,-0.78,4.48,10.92
2001-03-25,S&P 500,1230.59,1235.07,1240.9399999999998,1229.6999999999998,42991207,-4.2,0.49,11.34
2001-03-26,S&P 500,2369.79,2332.35,2409.07,2289.2599999999998,572721525,5.33,1.88,5.57
2001-03-27,S&P 500,2080.99,2059.9599999999996,2114.6699999999996,2051.2499999999995,754573356,-3.89,0.67,12.26
2001-03-28,NASDAQ,4865.67,4839.55,4871.42,4808.46,929319142,-1.95,1.89,13.11
2001-03-29,NASDAQ,3230.84,3202.19,3265.58,3200.94,242418630,-3.61,4.11,13.97
2001-03-30,S&P 500,2389.11,2380.2200000000003,2411.19,2360.2400000000002,898250563,-4.05,1.18,4.1
2001-03-31,Dow Jones,3321.87,3342.27,3389.52,3272.5699999999997,595559630,-0.98,1.67,5.95
2001-04-01,NASDAQ,1556.79,1528.54,1563.87,1523.51,849713419,3.58,4.46,13.18
2001-04-02,NASDAQ,2776.17,2762.84,2808.31,2741.6600000000003,436032239,9.47,3.4,4.58
2001-04-03,NASDAQ,3504.94,3494.03,3524.04,3478.67,569093445,8.13,4.68,2.05
2001-04-04,S&P 500,2955.59,3003.2400000000002,3051.0800000000004,2910.34,788555067,8.14,4.29,13.32
2001-04-05,S&P 500,2607.12,2652.5899999999997,2669.0899999999997,2563.65,38254050,-2.36,6.44,6.24
2001-04-06,S&P 500,4975.39,5005.400000000001,5053.51,4963.51,411571975,-1.03,9.37,7.39
2001-04-07,S&P 500,4521.26,4495.43,4566.33,4491.37,420099334,-3.85,1.08,7.8
2001-04-08,S&P 500,3493.62,3450.42,3507.14,3419.06,819851011,6.68,0.99,13.03
2001-04-09,Dow Jones,3277.51,3259.2000000000003,3317.69,3242.38,173849977,-3.95,8.53,6.39
2001-04-10,Dow Jones,3482.64,3459.3199999999997,3532.42,3425.72,758619276,3.35,5.06,13.6
2001-04-11,S&P 500,1805.25,1805.84,1818.47,1803.64,14900306,-1.28,7.66,10.02
2001-04-12,NASDAQ,2580.55,2608.32,2630.1600000000003,2573.88,754288253,-1.35,2.15,8.85
2001-04-13,S&P 500,1157.84,1193.6699999999998,1219.6799999999998,1123.52,754145158,9.86,8.29,6.23
2001-04-14,Dow Jones,2902.18,2936.6699999999996,2951.4199999999996,2891.56,57747913,6.35,9.24,5.17
2001-04-15,Dow Jones,3172.1,3158.0699999999997,3172.86,3115.1899999999996,754403819,7.55,6.35,10.11
2001-04-16,NASDAQ,1911.0,1929.72,1940.73,1908.07,418703673,3.58,1.06,7.81
2001-04-17,Dow Jones,4856.12,4837.4,4870.22,4826.629999999999,604662562,8.07,8.95,13.84
2001-04-18,S&P 500,4637.82,4593.91,4660.0,4543.98,454667454,4.68,7.92,8.39
2001-04-19,NASDAQ,3888.57,3908.73,3917.29,3866.92,772232825,9.19,7.51,8.65
2001-04-20,S&P 500,3133.55,3084.53,3177.21,3049.38,988769752,-0.78,0.37,7.42
2001-04-21,S&P 500,4479.88,4470.8,4515.13,4461.67,146068508,3.93,7.99,12.26
2001-04-22,NASDAQ,1522.61,1505.55,1526.87,1475.06,332357559,5.35,1.38,7.52
2001-04-23,S&P 500,4162.04,4181.38,4213.88,4125.73,882697483,0.89,2.22,5.5
2001-04-24,Dow Jones,1499.28,1525.8999999999999,1558.58,1483.56,289309490,8.2,5.77,13.21
2001-04-25,S&P 500,4176.84,4157.25,4224.650000000001,4115.81,214424494,9.7,2.65,9.76
2001-04-26,NASDAQ,2103.07,2134.23,2134.38,2072.9,713930215,2.41,6.61,9.69
2001-04-27,NASDAQ,4508.36,4487.75,4520.759999999999,4468.29,168464779,0.86,6.08,9.94
2001-04-28,NASDAQ,4776.17,4770.8,4822.56,4742.92,206514227,2.08,1.08,11.34
2001-04-29,S&P 500,1595.18,1617.88,1664.49,1566.3400000000001,214009221,7.79,6.56,6.07
2001-04-30,NASDAQ,2850.7,2869.99,2906.02,2842.4199999999996,859131707,4.68,9.24,2.44
2001-05-01,NASDAQ,4923.95,4972.69,5010.98,4903.8099999999995,119279049,-4.33,1.61,12.54
2001-05-02,S&P 500,2933.63,2906.15,2938.2000000000003,2888.98,652404609,3.13,5.97,3.68
2001-05-03,Dow Jones,4454.19,4470.419999999999,4496.109999999999,4434.139999999999,352611255,-4.74,3.42,11.38
2001-05-04,S&P 500,3354.93,3365.8999999999996,3377.4799999999996,3316.87,353053228,6.68,4.6,3.07
2001-05-05,NASDAQ,2501.32,2542.8300000000004,2551.8900000000003,2477.19,411322328,-0.08,2.87,6.88
2001-05-06,NASDAQ,2143.13,2108.77,2183.65,2061.75,781032710,2.08,3.54,2.82
2001-05-07,S&P 500,1812.89,1838.0700000000002,1844.8200000000002,1798.21,478863399,6.98,0.29,8.79
2001-05-08,Dow Jones,4047.19,4054.02,4077.45,4026.4,337394582,-4.3,9.82,10.49
2001-05-09,NASDAQ,2546.16,2523.6299999999997,2593.0899999999997,2484.2799999999997,650928943,-2.62,6.25,4.23
2001-05-10,NASDAQ,3045.1,3042.54,3054.39,3015.24,960586442,0.97,5.01,6.83
2001-05-11,NASDAQ,2969.3,2952.6800000000003,3018.2000000000003,2925.3300000000004,176287417,-1.55,3.84,14.09
2001-05-12,S&P 500,3309.12,3317.0499999999997,3366.7599999999998,3306.45,341533667,0.07,5.39,7.75
2001-05-13,NASDAQ,4462.31,4501.21,4528.99,4442.38,940800112,9.97,3.8,12.43
2001-05-14,Dow Jones,4922.96,4929.89,4938.400000000001,4909.42,987497327,7.38,3.6,14.05
2001-05-15,NASDAQ,2630.34,2643.51,2659.32,2580.3700000000003,968608434,8.26,4.64,14.67
2001-05-16,NASDAQ,4310.08,4311.95,4333.17,4294.66,900488086,9.06,2.76,13.68
2001-05-17,Dow Jones,4058.11,4013.23,4073.58,3969.01,715142970,0.11,1.8,6.13
2001-05-18,NASDAQ,3294.12,3267.41,3308.15,3233.6,855190058,-0.54,5.57,14.51
2001-05-19,S&P 500,4824.19,4823.389999999999,4872.799999999999,4806.339999999999,365875782,-1.49,8.43,12.56
2001-05-20,S&P 500,1801.9,1782.92,1809.5700000000002,1755.74,262053146,7.45,1.53,12.88
2001-05-21,S&P 500,1437.06,1405.24,1473.73,1363.21,467533964,5.19,0.33,2.2
2001-05-22,Dow Jones,4415.85,4416.26,4416.280000000001,4371.68,637856498,-1.46,2.47,14.41
2001-05-23,NASDAQ,2756.6,2738.88,2786.41,2730.86,881608400,0.65,9.8,12.12
2001-05-24,S&P 500,4387.88,4363.6900000000005,4433.68,4346.710000000001,234832863,2.6,8.29,11.98
2001-05-25,Dow Jones,4572.36,4568.759999999999,4586.759999999999,4551.999999999999,121138393,2.92,5.96,3.06
2001-05-26,NASDAQ,1249.83,1213.1599999999999,1259.11,1211.06,1636024,8.33,9.29,5.02
2001-05-27,Dow Jones,4533.86,4576.63,4609.21,4503.95,584603323,0.71,4.45,14.51
2001-05-28,S&P 500,2793.28,2830.05,2865.6800000000003,2750.5400000000004,741245653,8.63,9.83,8.51
2001-05-29,S&P 500,3041.73,3062.4900000000002,3096.8900000000003,3022.65,88779724,1.62,2.96,7.17
2001-05-30,S&P 500,3506.37,3466.99,3522.3399999999997,3429.99,739023804,6.2,2.4,12.92
2001-05-31,Dow Jones,4705.53,4733.12,4745.73,4674.139999999999,307124555,8.95,6.38,3.14
2001-06-01,Dow Jones,1076.46,1107.26,1155.06,1057.68,465487238,8.61,3.78,7.42
2001-06-02,S&P 500,2907.37,2934.15,2980.31,2900.3199999999997,854645312,-4.15,6.26,6.88
2001-06-03,Dow Jones,3750.89,3712.29,3773.7599999999998,3676.82,829647072,-1.91,3.05,6.55
2001-06-04,S&P 500,3890.83,3905.22,3947.5299999999997,3848.1,826405683,2.15,6.18,6.0
2001-06-05,S&P 500,3770.13,3803.56,3826.18,3735.84,876685750,1.47,2.76,4.73
2001-06-06,NASDAQ,1537.74,1545.48,1566.7,1536.85,27797453,4.61,0.51,4.25
2001-06-07,Dow Jones,2197.58,2212.22,2220.06,2186.77,804403002,9.17,9.12,10.33
2001-06-08,S&P 500,2434.86,2430.7000000000003,2456.1800000000003,2427.2300000000005,165623214,-3.31,8.83,13.95
2001-06-09,S&P 500,4217.75,4220.62,4247.49,4189.23,206863671,1.78,9.71,8.62
2001-06-10,Dow Jones,2115.04,2068.48,2116.17,2030.66,297224040,-2.11,7.17,5.87
2001-06-11,NASDAQ,1842.82,1856.72,1878.93,1837.29,995358224,8.41,6.83,4.07
2001-06-12,NASDAQ,4829.79,4787.93,4868.86,4746.01,616067587,9.47,5.59,12.79
2001-06-13,S&P 500,1035.45,1028.95,1069.45,1001.1700000000001,859670579,2.18,1.26,14.63
2001-06-14,Dow Jones,4991.28,4970.55,5023.04,4936.05,587454130,-3.44,1.89,6.54
2001-06-15,NASDAQ,3707.29,3711.83,3757.31,3658.72,119927142,6.78,2.89,5.78
2001-06-16,Dow Jones,4313.88,4277.22,4314.78,4273.04,814209600,5.46,8.9,9.82
2001-06-17,Dow Jones,2178.48,2197.64,2225.49,2133.42,599999592,0.32,1.73,12.08
2001-06-18,S&P 500,1057.26,1086.76,1126.1299999999999,1050.95,720867564,8.31,9.23,7.92
2001-06-19,NASDAQ,3951.48,3917.82,3978.55,3898.17,303075479,9.64,5.23,10.19
2001-06-20,S&P 500,4336.58,4297.01,4352.7699999999995,4254.4400000000005,857670689,3.37,7.16,11.32
2001-06-21,NASDAQ,3961.9,3926.4500000000003,3968.71,3881.1400000000003,814204055,3.49,1.1,14.49
2001-06-22,NASDAQ,1571.4,1609.1100000000001,1653.4900000000002,1546.0800000000002,163740986,-0.54,2.69,4.15
2001-06-23,NASDAQ,4013.71,4016.53,4040.07,3984.0,300392509,3.77,9.59,14.97
2001-06-24,NASDAQ,4075.69,4072.42,4119.6,4037.01,452246414,1.59,2.66,7.1
2001-06-25,NASDAQ,3634.16,3594.83,3663.45,3553.19,472808464,-0.47,2.97,11.4
2001-06-26,Dow Jones,4064.46,4079.42,4113.13,4058.38,980149964,-3.99,1.98,9.44
2001-06-27,S&P 500,4383.69,4420.49,4460.7,4343.19,120452230,-1.21,1.29,8.33
2001-06-28,Dow Jones,3454.42,3487.2400000000002,3520.2000000000003,3430.36,876540616,-2.03,2.33,11.07
2001-06-29,NASDAQ,1354.42,1367.03,1386.93,1331.89,350571006,3.13,6.42,7.14
2001-06-30,S&P 500,2950.51,2908.0400000000004,2976.19,2886.8500000000004,78448802,4.03,4.55,3.64
2001-07-01,NASDAQ,1310.6,1271.84,1350.75,1246.3799999999999,173859030,4.13,5.54,8.36
2001-07-02,S&P 500,2630.17,2585.1,2648.85,2537.85,55299573,0.82,1.22,8.78
2001-07-03,Dow Jones,2628.43,2604.18,2647.8399999999997,2576.77,934066918,1.32,8.02,4.62
2001-07-04,S&P 500,1264.04,1227.61,1268.82,1179.9499999999998,534310806,7.51,7.84,14.16
2001-07-05,S&P 500,2395.28,2371.28,2441.01,2362.27,280762329,2.14,0.22,4.96
2001-07-06,S&P 500,1443.99,1432.5,1448.54,1396.29,785267008,9.82,3.84,7.32
2001-07-07,S&P 500,4232.94,4277.24,4309.65,4192.33,130823629,1.59,0.69,4.01
2001-07-08,S&P 500,4790.75,4801.79,4822.45,4756.79,314099999,4.74,7.92,8.97
2001-07-09,NASDAQ,1289.27,1322.77,1343.05,1258.92,26229298,-4.24,7.37,6.0
2001-07-10,S&P 500,4820.46,4841.5,4875.48,4792.22,967761327,4.8,9.02,8.36
2001-07-11,S&P 500,3090.31,3051.56,3093.66,3008.5099999999998,274314633,7.77,2.36,4.92
2001-07-12,Dow Jones,2198.26,2221.8500000000004,2251.5400000000004,2157.1800000000003,145463936,9.14,4.56,2.7
2001-07-13,S&P 500,1307.45,1284.96,1346.05,1278.8500000000001,20248708,9.96,1.84,12.13
2001-07-14,Dow Jones,3002.5,3016.41,3057.8199999999997,2960.07,841719426,-0.77,3.71,10.33
2001-07-15,NASDAQ,4178.06,4162.160000000001,4186.59,4141.460000000001,6294512,3.63,5.22,6.43
2001-07-16,S&P 500,3828.35,3878.12,3922.99,3815.67,104169073,1.76,0.53,2.62
2001-07-17,Dow Jones,1200.9,1177.26,1233.71,1133.77,880764793,3.46,7.15,13.25
2001-07-18,Dow Jones,1291.61,1269.52,1335.6999999999998,1247.92,185409396,-2.64,5.43,4.21
2001-07-19,NASDAQ,2611.49,2654.56,2678.82,2571.0699999999997,668442778,7.84,8.29,14.1
2001-07-20,S&P 500,2181.16,2133.62,2208.2599999999998,2120.45,765444786,8.64,2.72,8.22
2001-07-21,S&P 500,1929.54,1949.21,1995.16,1929.34,644346293,1.74,9.03,6.43
2001-07-22,Dow Jones,2124.02,2146.55,2191.55,2099.25,525894776,-0.79,9.99,11.64
2001-07-23,S&P 500,4213.93,4247.570000000001,4269.9800000000005,4208.92,362250133,-2.89,9.19,13.4
2001-07-24,Dow Jones,4716.91,4764.349999999999,4778.07,4679.19,779249745,5.26,7.78,6.82
2001-07-25,S&P 500,2620.41,2667.97,2687.6299999999997,2606.6099999999997,779788623,-0.32,8.12,7.3
2001-07-26,Dow Jones,4624.44,4580.969999999999,4643.83,4558.789999999999,791170241,8.64,5.74,7.63
2001-07-27,S&P 500,2285.98,2318.16,2332.5,2281.63,970789934,5.07,1.9,13.99
2001-07-28,NASDAQ,2905.75,2920.38,2933.81,2891.42,660557292,4.69,6.77,11.0
2001-07-29,S&P 500,1904.12,1918.85,1961.8999999999999,1865.05,614452879,3.39,7.13,5.22
2001-07-30,S&P 500,3561.9,3524.73,3565.39,3517.15,627503111,-4.31,9.85,4.4
2001-07-31,NASDAQ,4915.92,4930.9400000000005,4964.820000000001,4883.56,237633386,8.98,5.41,4.99
2001-08-01,S&P 500,3413.97,3462.22,3470.8599999999997,3368.1,796528135,4.42,2.71,5.43
2001-08-02,NASDAQ,2431.26,2472.44,2489.67,2397.2700000000004,588211573,9.91,6.84,4.99
2001-08-03,S&P 500,3591.27,3585.18,3594.35,3544.6299999999997,879090441,3.06,9.79,10.56
2001-08-04,Dow Jones,1491.68,1445.67,1505.18,1440.22,582570038,5.65,1.77,3.51
2001-08-05,Dow Jones,4554.64,4540.87,4593.06,4528.33,767516894,-4.16,3.26,7.04
2001-08-06,S&P 500,3012.34,3044.98,3089.23,2967.61,974041355,4.48,5.42,10.13
2001-08-07,S&P 500,2797.4,2817.55,2828.63,2761.64,296729800,6.47,1.7,5.78
2001-08-08,S&P 500,3343.46,3339.39,3366.64,3307.41,624410660,6.68,0.22,2.85
2001-08-09,Dow Jones,3499.14,3454.65,3522.66,3421.46,274925704,6.55,3.37,3.06
2001-08-10,S&P 500,1287.1,1279.79,1330.78,1259.08,661521519,-1.61,8.65,3.64
2001-08-11,Dow Jones,3730.47,3727.37,3768.6099999999997,3725.14,109311569,9.63,0.43,12.87
2001-08-12,NASDAQ,1967.73,2010.59,2036.24,1928.51,808590365,9.93,4.29,10.55
2001-08-13,Dow Jones,3855.81,3869.92,3903.46,3821.87,963490335,-3.87,7.62,2.84
2001-08-14,Dow Jones,4290.14,4271.31,4332.51,4247.67,112557095,9.05,9.53,7.08
2001-08-15,NASDAQ,4215.83,4218.36,4218.839999999999,4170.84,85564950,-0.66,9.85,5.62
2001-08-16,Dow Jones,3210.0,3166.61,3230.14,3149.8,942751050,5.34,4.22,9.51
2001-08-17,S&P 500,3080.68,3127.94,3173.3,3065.96,818665469,0.07,9.5,8.8
2001-08-18,S&P 500,1571.5,1557.51,1608.52,1513.87,544428947,9.52,0.35,8.25
2001-08-19,Dow Jones,4101.38,4099.17,4128.52,4059.32,793499730,-3.48,7.46,6.09
2001-08-20,S&P 500,2085.64,2071.17,2112.12,2045.42,210773155,2.47,6.43,3.79
2001-08-21,Dow Jones,2986.78,3005.03,3022.42,2980.2400000000002,919874227,1.42,2.5,11.65
2001-08-22,S&P 500,2137.1,2153.3199999999997,2179.35,2126.35,550504857,-0.11,5.07,13.44
2001-08-23,S&P 500,1535.31,1556.84,1589.61,1502.5,159027849,4.68,1.3,14.27
2001-08-24,Dow Jones,3518.23,3495.04,3539.15,3475.79,343871831,-3.03,8.72,2.76
2001-08-25,S&P 500,1217.33,1198.8999999999999,1253.04,1157.08,550264652,5.75,3.58,11.62
2001-08-26,Dow Jones,3994.58,3957.11,4037.64,3909.61,638111932,9.71,6.26,11.44
2001-08-27,S&P 500,2270.35,2285.9,2293.63,2230.0699999999997,256899763,7.07,1.59,14.31
2001-08-28,S&P 500,1000.54,954.52,1023.12,935.64,96061677,7.9,2.06,5.29
2001-08-29,NASDAQ,3044.52,3054.29,3074.69,3005.09,896966900,0.39,9.92,11.65
2001-08-30,NASDAQ,1187.41,1224.38,1258.75,1169.8400000000001,552200481,-0.13,7.53,2.71
2001-08-31,Dow Jones,2104.68,2143.7599999999998,2156.2499999999995,2096.3199999999997,517097692,2.76,9.62,10.21
2001-09-01,NASDAQ,3827.91,3822.81,3859.92,3821.14,354778851,-4.31,2.96,6.56
2001-09-02,Dow Jones,1250.76,1246.69,1294.6299999999999,1227.4,392675462,9.18,1.65,12.0
2001-09-03,NASDAQ,4357.35,4315.05,4378.26,4269.87,489809693,-2.84,5.03,13.22
2001-09-04,S&P 500,1015.28,1032.36,1077.9099999999999,1003.3299999999999,589120189,8.55,4.95,6.74
2001-09-05,Dow Jones,1987.3,2019.43,2069.09,1976.97,530511056,-3.75,1.75,8.83
2001-09-06,Dow Jones,3963.62,3938.0899999999997,3968.92,3889.6,691816175,7.34,7.33,3.53
2001-09-07,S&P 500,2265.08,2257.21,2276.73,2255.96,412408332,-2.72,3.62,7.42
2001-09-08,Dow Jones,1407.57,1441.45,1488.97,1368.28,523207223,-4.43,1.86,6.69
2001-09-09,Dow Jones,2440.94,2478.65,2526.57,2424.87,319900887,5.79,3.32,4.38
2001-09-10,NASDAQ,2081.57,2055.8900000000003,2086.46,2054.0200000000004,202227957,-0.8,5.64,13.63
2001-09-11,Dow Jones,4370.85,4375.910000000001,4376.660000000001,4324.96,401452982,5.72,7.26,3.93
2001-09-12,S&P 500,2253.39,2222.64,2261.45,2215.66,655582750,3.33,4.82,10.26
2001-09-13,NASDAQ,4155.73,4115.919999999999,4205.53,4088.329999999999,168341049,-3.37,5.26,13.57
2001-09-14,NASDAQ,4567.49,4608.599999999999,4617.599999999999,4553.79,594064794,8.98,1.39,13.86
2001-09-15,S&P 500,2735.27,2767.32,2792.4500000000003,2732.0099999999998,701311025,1.78,9.15,12.31
2001-09-16,S&P 500,4639.77,4665.77,4708.1900000000005,4637.27,569154196,6.02,9.29,4.29
2001-09-17,NASDAQ,2509.27,2464.15,2510.29,2458.37,491119158,2.52,6.83,12.63
2001-09-18,Dow Jones,4856.31,4890.68,4920.900000000001,4852.740000000001,820828094,4.07,0.18,5.6
2001-09-19,NASDAQ,1357.16,1350.96,1371.01,1312.93,595040448,-0.46,5.37,13.99
2001-09-20,S&P 500,3748.08,3732.3199999999997,3791.2,3708.0399999999995,244389902,-1.99,6.29,11.22
2001-09-21,NASDAQ,2975.26,2979.9100000000003,2994.0800000000004,2958.1200000000003,256543746,3.14,9.95,12.21
2001-09-22,S&P 500,2550.6,2509.74,2584.94,2488.8199999999997,909724741,1.6,9.96,3.11
2001-09-23,NASDAQ,3530.85,3556.5099999999998,3590.22,3484.4,153132429,0.85,8.58,9.58
2001-09-24,Dow Jones,3815.43,3823.6699999999996,3834.74,3769.89,338040054,5.09,0.64,12.67
2001-09-25,NASDAQ,1017.45,986.11,1019.19,950.33,895413349,5.36,9.53,13.2
2001-09-26,NASDAQ,1667.81,1636.6299999999999,1688.27,1592.3999999999999,162374323,-4.31,6.13,2.37
2001-09-27,S&P 500,3852.18,3820.6,3866.64,3804.62,526991525,0.08,8.01,14.21
2001-09-28,S&P 500,3665.54,3621.24,3705.99,3602.18,892749593,1.18,4.07,2.56
2001-09-29,S&P 500,4864.19,4872.969999999999,4912.99,4833.5,638568718,-3.55,3.2,9.99
2001-09-30,NASDAQ,4044.15,4078.1800000000003,4101.030000000001,4012.9700000000003,321312909,-1.46,4.63,11.01
2001-10-01,Dow Jones,4803.09,4754.84,4833.42,4730.76,818977199,-4.23,1.47,3.4
2001-10-02,S&P 500,3810.16,3765.06,3840.37,3745.0299999999997,786496467,9.94,3.57,2.62
2001-10-03,S&P 500,2192.21,2199.4900000000002,2240.8500000000004,2142.9,999977078,6.05,8.58,12.2
2001-10-04,NASDAQ,1421.46,1453.41,1474.66,1380.4,615887727,-3.69,0.38,7.0
2001-10-05,S&P 500,4127.3,4109.97,4141.070000000001,4088.2200000000003,248779322,-4.7,1.51,3.39
2001-10-06,Dow Jones,3576.6,3561.56,3589.85,3525.2,838858770,5.79,1.25,11.91
2001-10-07,Dow Jones,1192.74,1202.3700000000001,1229.18,1179.26,902212087,1.59,4.03,13.04
2001-10-08,S&P 500,2440.2,2417.62,2462.66,2412.6099999999997,761896227,6.8,9.97,9.64
2001-10-09,S&P 500,4827.2,4779.86,4849.21,4762.24,193884823,8.85,1.73,4.1
2001-10-10,NASDAQ,3001.6,3025.12,3029.68,2981.45,374773321,3.99,1.45,2.2
2001-10-11,Dow Jones,2730.92,2743.48,2779.41,2730.09,646730611,-2.19,9.15,11.11
2001-10-12,Dow Jones,2830.8,2838.88,2849.57,2790.0600000000004,948771825,6.73,8.82,9.15
2001-10-13,S&P 500,1835.53,1859.7,1869.55,1817.57,746280289,9.34,0.32,10.46
2001-10-14,NASDAQ,2474.83,2492.35,2512.99,2445.81,739328739,3.7,7.52,12.57
2001-10-15,Dow Jones,2479.25,2449.84,2490.64,2446.1400000000003,801296174,5.23,6.55,7.64
2001-10-16,Dow Jones,1209.42,1194.67,1238.6100000000001,1185.92,410259324,0.06,7.68,3.62
2001-10-17,NASDAQ,4070.27,4032.88,4088.84,3988.4,490112547,0.72,4.95,14.22
2001-10-18,NASDAQ,2666.02,2629.0099999999998,2688.47,2598.58,844299471,6.02,9.91,9.09
2001-10-19,Dow Jones,4288.72,4306.34,4333.2,4241.21,555464590,8.92,0.44,10.0
2001-10-20,Dow Jones,4401.39,4437.25,4447.43,4351.450000000001,92281425,4.43,2.34,14.13
2001-10-21,NASDAQ,1847.98,1894.25,1902.04,1829.39,887961222,6.85,3.97,14.11
2001-10-22,Dow Jones,3629.41,3642.24,3686.2599999999998,3614.47,183482094,-2.43,4.5,9.44
2001-10-23,S&P 500,2889.13,2857.54,2910.82,2814.62,94177685,-1.82,9.21,5.87
2001-10-24,S&P 500,4520.63,4481.2,4541.2300000000005,4431.2699999999995,396437855,2.98,5.6,14.96
2001-10-25,NASDAQ,1862.96,1894.25,1896.03,1831.48,438678890,-2.35,0.45,10.85
2001-10-26,NASDAQ,3711.25,3719.13,3744.03,3671.49,239975314,4.52,4.08,7.31
2001-10-27,NASDAQ,3431.01,3442.84,3470.55,3391.92,406069735,-0.63,4.16,9.28
2001-10-28,S&P 500,2181.21,2209.36,2237.3,2163.44,219982647,6.87,9.65,7.41
2001-10-29,Dow Jones,1546.4,1566.73,1602.08,1517.69,766054144,7.12,5.99,13.55
2001-10-30,S&P 500,3606.56,3640.0099999999998,3648.8799999999997,3564.91,41304034,1.96,6.36,8.27
2001-10-31,Dow Jones,3954.39,3910.0099999999998,3967.0,3875.6,353057649,-2.29,7.13,12.71
2001-11-01,S&P 500,2262.51,2287.26,2327.8,2261.4500000000003,339585355,4.7,7.7,12.92
2001-11-02,Dow Jones,3579.33,3614.42,3661.78,3562.49,832981771,9.89,6.35,12.72
2001-11-03,S&P 500,2580.52,2559.13,2587.32,2551.9100000000003,544009620,4.34,2.37,11.39
2001-11-04,NASDAQ,3852.83,3866.87,3891.75,3841.18,95657658,-4.46,8.74,13.11
2001-11-05,S&P 500,1796.86,1778.28,1807.57,1733.01,401287289,-4.74,7.32,7.03
2001-11-06,Dow Jones,4560.86,4606.66,4609.66,4559.0199999999995,174006674,-0.19,7.42,3.49
2001-11-07,S&P 500,2149.64,2102.98,2165.92,2091.9900000000002,868834302,-2.06,9.97,12.95
2001-11-08,S&P 500,2471.14,2479.12,2486.2999999999997,2455.66,332250376,7.2,8.03,8.48
2001-11-09,S&P 500,1232.37,1199.02,1267.87,1168.18,173269034,7.67,8.29,3.66
2001-11-10,NASDAQ,1446.05,1467.27,1493.96,1419.34,463471600,-1.12,9.51,3.5
2001-11-11,S&P 500,3063.45,3031.04,3070.64,3020.13,686463151,-0.12,1.51,4.07
2001-11-12,NASDAQ,2070.37,2043.9099999999999,2070.83,2035.6999999999998,103405247,-1.46,4.98,11.76
2001-11-13,NASDAQ,4341.92,4341.36,4382.33,4329.5199999999995,458776675,8.63,5.81,11.24
2001-11-14,S&P 500,1058.77,1100.25,1109.06,1033.6399999999999,835735849,2.54,3.29,4.65
2001-11-15,S&P 500,2516.38,2487.55,2546.69,2473.9900000000002,325891445,4.84,8.39,13.01
2001-11-16,S&P 500,2349.38,2313.8,2366.23,2266.42,744523374,1.23,7.62,5.66
2001-11-17,Dow Jones,1077.31,1103.21,1132.48,1054.12,915100728,4.47,7.21,12.31
2001-11-18,S&P 500,1497.47,1497.53,1513.31,1494.53,35234482,0.79,9.97,8.35
2001-11-19,NASDAQ,2654.57,2695.75,2700.1,2618.11,29944126,0.1,2.59,11.51
2001-11-20,S&P 500,2971.46,2936.12,2982.61,2919.68,85181986,4.52,7.35,6.96
2001-11-21,Dow Jones,2617.16,2631.75,2641.15,2584.49,109384478,3.87,5.51,6.51
2001-11-22,S&P 500,3123.75,3097.04,3145.15,3083.06,911856827,-0.6,3.13,12.94
2001-11-23,Dow Jones,3380.53,3346.21,3413.44,3317.67,666278388,-2.76,1.61,2.46
2001-11-24,Dow Jones,1039.7,1058.04,1071.23,1001.09,128278582,0.53,8.96,14.67
2001-11-25,S&P 500,2856.38,2865.75,2866.35,2809.98,864195807,1.23,5.95,10.43
2001-11-26,NASDAQ,4854.0,4879.48,4905.429999999999,4840.94,537363965,4.43,8.25,7.62
2001-11-27,Dow Jones,3076.13,3057.08,3106.42,3040.34,809547236,8.72,5.45,10.16
2001-11-28,S&P 500,3710.17,3704.9700000000003,3758.31,3681.76,888038047,-4.46,2.2,3.6
2001-11-29,S&P 500,2247.46,2238.01,2276.93,2191.65,54299306,-1.35,3.38,8.68
2001-11-30,NASDAQ,4095.97,4144.38,4167.9400000000005,4050.8999999999996,46105783,-2.09,3.82,14.81
2001-12-01,Dow Jones,4091.69,4070.91,4120.36,4066.42,741142692,2.53,9.73,5.06
2001-12-02,Dow Jones,3085.18,3064.66,3131.58,3058.06,100548774,1.45,0.06,11.39
2001-12-03,S&P 500,4904.06,4889.51,4945.4800000000005,4864.7300000000005,302590181,5.94,9.86,7.65
2001-12-04,S&P 500,1502.2,1508.66,1524.8100000000002,1496.8700000000001,749345245,-1.36,9.8,10.48
2001-12-05,NASDAQ,1067.79,1043.02,1079.6499999999999,1025.74,367002873,3.92,9.96,4.66
2001-12-06,NASDAQ,4080.63,4122.16,4135.29,4073.21,323289695,8.26,4.77,8.12
2001-12-07,Dow Jones,4228.62,4205.19,4253.84,4173.389999999999,411009068,8.66,9.64,14.74
2001-12-08,Dow Jones,1480.83,1520.4099999999999,1557.61,1433.36,404232833,9.38,3.96,4.54
2001-12-09,S&P 500,2062.33,2022.6799999999998,2087.49,1972.84,151320306,6.6,0.26,10.27
2001-12-10,Dow Jones,1070.21,1085.8700000000001,1089.2600000000002,1051.45,744068426,8.59,2.24,9.48
2001-12-11,NASDAQ,2173.23,2213.93,2250.1099999999997,2143.28,879679482,-1.48,9.45,9.35
2001-12-12,NASDAQ,4092.57,4059.44,4132.87,4016.63,235419091,-2.04,0.14,10.0
2001-12-13,S&P 500,3071.84,3118.67,3133.14,3065.9700000000003,154028808,-4.9,5.46,8.53
2001-12-14,NASDAQ,2392.38,2387.67,2425.59,2353.19,801450405,5.6,0.76,2.22
2001-12-15,NASDAQ,2486.96,2531.53,2552.86,2466.52,798382704,9.06,2.86,13.7
2001-12-16,NASDAQ,1005.41,1023.0899999999999,1067.55,995.1,692038994,-2.2,0.88,12.75
2001-12-17,NASDAQ,2199.2,2179.3599999999997,2241.46,2159.22,370884086,4.55,8.6,4.26
2001-12-18,S&P 500,3585.83,3554.66,3612.1,3550.8599999999997,221079783,6.2,5.91,7.37
2001-12-19,S&P 500,4896.78,4877.15,4931.36,4842.379999999999,207772486,8.91,9.02,12.02
2001-12-20,Dow Jones,4388.24,4347.54,4432.41,4334.9,888653508,4.7,6.88,14.74
2001-12-21,NASDAQ,1094.38,1058.7700000000002,1119.17,1043.2000000000003,641530414,9.55,9.71,14.36
2001-12-22,Dow Jones,4594.24,4554.71,4609.9,4548.66,388970857,0.17,5.1,13.69
2001-12-23,S&P 500,4132.79,4125.08,4170.47,4081.85,342549399,0.25,6.39,4.06
2001-12-24,S&P 500,4121.5,4151.06,4162.06,4096.83,417093359,3.15,5.76,13.89
2001-12-25,S&P 500,2831.98,2796.12,2851.41,2767.5099999999998,372601384,0.75,4.84,13.42
2001-12-26,S&P 500,2592.02,2555.05,2635.31,2526.5800000000004,752070598,-4.98,8.46,6.9
2001-12-27,S&P 500,2211.66,2226.0,2262.22,2191.14,278059594,5.98,6.45,7.13
2001-12-28,S&P 500,1262.78,1232.5,1282.97,1222.87,732760840,6.28,8.01,7.98
2001-12-29,S&P 500,1912.94,1872.7,1923.68,1835.44,624125424,6.2,7.86,10.53
2001-12-30,NASDAQ,1986.41,1953.0900000000001,2004.21,1946.7400000000002,163804637,0.18,1.91,5.39
2001-12-31,Dow Jones,2936.31,2978.68,2992.89,2931.12,499282280,2.83,6.5,2.3
2002-01-01,S&P 500,3989.78,4021.9300000000003,4030.7300000000005,3954.27,233230101,0.4,2.0,3.84
2002-01-02,NASDAQ,2895.24,2880.6499999999996,2932.41,2870.2099999999996,110603623,-4.76,5.83,7.72
2002-01-03,NASDAQ,1231.38,1246.96,1259.56,1216.0400000000002,37742450,3.44,6.77,5.67
2002-01-04,Dow Jones,4831.16,4834.889999999999,4857.599999999999,4807.4,253643283,-3.14,9.97,11.94
2002-01-05,S&P 500,4770.9,4788.61,4807.9,4748.429999999999,360091743,-3.8,0.31,3.39
2002-01-06,Dow Jones,4140.76,4159.030000000001,4208.130000000001,4105.33,304921711,6.33,0.91,13.93
2002-01-07,S&P 500,4965.31,4978.18,4997.7300000000005,4934.14,376520582,-4.86,0.77,13.64
2002-01-08,NASDAQ,3177.93,3154.54,3181.93,3122.32,46131515,9.39,3.98,13.81
2002-01-09,NASDAQ,4851.07,4804.969999999999,4855.5599999999995,4769.2699999999995,562588422,2.73,8.22,11.61
2002-01-10,NASDAQ,1302.42,1297.98,1331.96,1283.35,51149267,9.75,8.44,3.39
2002-01-11,NASDAQ,2462.72,2501.8199999999997,2531.7899999999995,2446.6,18501784,-4.13,7.37,7.7
2002-01-12,Dow Jones,1901.53,1908.48,1929.42,1879.6299999999999,458832556,3.75,8.97,3.71
2002-01-13,S&P 500,1783.33,1816.57,1838.1599999999999,1767.96,115629922,0.24,3.23,14.84
2002-01-14,S&P 500,1563.21,1612.3700000000001,1615.0700000000002,1513.96,502958763,7.65,0.88,6.33
2002-01-15,Dow Jones,3489.65,3456.01,3515.48,3415.3100000000004,759975895,0.42,0.58,9.61
2002-01-16,S&P 500,4125.29,4144.47,4169.71,4117.06,454655079,-1.09,8.52,12.13
2002-01-17,NASDAQ,3313.19,3330.62,3338.1,3312.91,136785420,7.86,7.3,13.97
2002-01-18,S&P 500,1587.85,1635.85,1641.04,1585.7099999999998,101468847,0.62,6.99,11.82
2002-01-19,NASDAQ,4244.5,4293.06,4299.240000000001,4232.3,224563331,-4.75,3.4,10.77
2002-01-20,Dow Jones,3543.82,3562.4900000000002,3567.5400000000004,3538.11,627252988,0.85,3.8,8.06
2002-01-21,S&P 500,2552.66,2527.02,2583.1499999999996,2500.35,164868491,4.82,9.58,9.87
2002-01-22,Dow Jones,3696.52,3726.38,3736.2000000000003,3653.62,231440656,-1.18,0.64,3.22
2002-01-23,S&P 500,2039.62,2000.32,2052.19,1963.48,773311104,1.48,7.74,13.49
2002-01-24,NASDAQ,2380.77,2408.84,2417.52,2369.99,639773821,-4.15,3.1,9.07
2002-01-25,Dow Jones,4669.94,4710.96,4758.85,4649.98,271905808,3.82,0.39,2.52
2002-01-26,S&P 500,2162.02,2150.3,2204.75,2124.9100000000003,402651969,6.34,7.43,13.96
2002-01-27,NASDAQ,2879.95,2893.0099999999998,2904.5299999999997,2839.4399999999996,169121989,1.2,3.31,8.36
2002-01-28,Dow Jones,4560.56,4553.570000000001,4576.9400000000005,4511.610000000001,892108331,1.3,7.22,13.29
2002-01-29,Dow Jones,3830.89,3824.67,3841.3799999999997,3779.1800000000003,127972537,-3.68,7.08,13.14
2002-01-30,S&P 500,1248.81,1229.85,1273.3999999999999,1204.3899999999999,53102474,-1.97,5.35,12.6
2002-01-31,S&P 500,1589.21,1615.42,1616.4,1554.5,125720628,-2.68,7.77,2.8
2002-02-01,S&P 500,1031.37,1074.9899999999998,1108.5599999999997,1025.78,784748778,2.23,5.81,5.21
2002-02-02,NASDAQ,3523.69,3567.77,3593.93,3495.43,174949137,2.94,2.87,13.38
2002-02-03,S&P 500,2790.69,2758.17,2835.62,2745.7400000000002,525173095,9.23,7.34,13.69
2002-02-04,Dow Jones,1537.1,1574.57,1582.79,1515.51,484907672,-3.9,5.89,7.95
2002-02-05,Dow Jones,4831.74,4855.48,4895.69,4800.04,339157222,4.0,0.13,7.72
2002-02-06,S&P 500,3118.64,3093.92,3158.24,3081.07,241998427,2.9,9.02,4.28
2002-02-07,S&P 500,1967.57,1924.3,1973.9299999999998,1921.69,774357805,2.74,5.46,14.59
2002-02-08,Dow Jones,3002.41,2979.21,3022.3399999999997,2978.7,807592847,8.1,8.69,4.77
2002-02-09,NASDAQ,3718.48,3759.7,3768.21,3717.37,676018814,-1.92,8.83,4.48
2002-02-10,S&P 500,1304.96,1318.28,1331.02,1304.54,235422207,-4.39,4.45,10.59
2002-02-11,S&P 500,2098.82,2120.9300000000003,2134.09,2093.3,972632382,5.08,5.08,5.16
2002-02-12,Dow Jones,4227.86,4203.58,4255.67,4191.61,215015883,0.18,4.16,14.2
2002-02-13,S&P 500,2838.66,2860.6,2881.17,2827.6,473696360,-4.74,4.49,2.14
2002-02-14,NASDAQ,3186.31,3139.12,3233.7,3089.7799999999997,475620403,-1.23,8.95,2.07
2002-02-15,Dow Jones,2731.26,2718.7900000000004,2737.5800000000004,2703.4900000000002,472868956,-0.36,7.88,8.56
2002-02-16,S&P 500,1175.6,1188.28,1236.96,1169.23,966337878,4.25,1.27,8.34
2002-02-17,Dow Jones,1663.0,1627.61,1674.53,1600.33,831246356,-2.41,6.1,4.12
2002-02-18,S&P 500,2782.17,2814.4700000000003,2853.11,2739.27,486554767,1.2,9.96,8.43
2002-02-19,S&P 500,1836.74,1810.24,1853.69,1776.34,250102324,2.24,5.96,7.35
2002-02-20,S&P 500,1199.92,1215.15,1222.3000000000002,1185.1200000000001,551956082,1.89,7.86,13.57
2002-02-21,NASDAQ,4374.6,4365.120000000001,4417.490000000001,4337.040000000001,193423023,9.61,7.69,2.12
2002-02-22,NASDAQ,4924.77,4934.370000000001,4949.81,4889.030000000001,356641644,-4.32,3.5,14.69
2002-02-23,Dow Jones,4172.57,4133.32,4205.509999999999,4096.91,520150681,9.26,3.72,10.12
2002-02-24,S&P 500,4415.14,4366.83,4443.46,4333.5,334803748,3.73,7.24,3.97
2002-02-25,S&P 500,1967.91,2008.8700000000001,2032.46,1924.3700000000001,942637781,6.94,5.0,2.61
2002-02-26,NASDAQ,4842.51,4819.47,4867.3,4775.96,567753010,1.46,5.71,9.0
2002-02-27,S&P 500,1787.7,1819.67,1856.28,1758.75,848346825,1.81,7.13,5.05
2002-02-28,NASDAQ,4805.72,4855.66,4860.05,4784.2300000000005,245673670,8.19,7.78,5.92
2002-03-01,S&P 500,4979.28,4950.42,5012.69,4918.34,864677896,8.44,2.72,5.19
2002-03-02,Dow Jones,3846.89,3823.41,3891.68,3782.5,574245016,-1.42,1.47,10.45
2002-03-03,S&P 500,4924.57,4940.86,4943.75,4924.29,165666861,-2.01,2.92,9.2
2002-03-04,S&P 500,3278.16,3324.7,3331.73,3228.56,161877070,2.44,5.08,3.01
2002-03-05,NASDAQ,2038.17,2079.75,2115.58,2029.03,739545996,8.5,3.42,8.84
2002-03-06,S&P 500,2747.98,2748.27,2770.13,2724.47,428184301,-0.16,5.68,12.29
2002-03-07,S&P 500,3374.24,3403.75,3423.93,3330.64,573448345,4.78,0.53,3.06
2002-03-08,NASDAQ,1292.33,1255.8999999999999,1299.1799999999998,1244.6499999999999,561819412,5.62,5.1,13.57
2002-03-09,Dow Jones,3489.37,3537.1099999999997,3562.45,3465.5299999999997,787969942,6.68,3.68,9.52
2002-03-10,Dow Jones,4924.71,4971.15,4977.48,4918.08,84232828,3.46,5.35,14.36
2002-03-11,NASDAQ,1760.43,1726.8,1784.26,1707.05,39080363,1.04,4.23,3.93
2002-03-12,NASDAQ,4170.38,4150.32,4208.56,4141.46,889676059,9.51,2.84,14.92
2002-03-13,NASDAQ,4631.6,4591.620000000001,4644.51,4573.4400000000005,407991932,4.17,9.04,10.38
2002-03-14,NASDAQ,4774.81,4751.9800000000005,4798.85,4733.31,173397362,5.93,1.85,9.38
2002-03-15,NASDAQ,4840.54,4872.14,4921.740000000001,4790.88,201120843,0.17,6.81,8.7
2002-03-16,Dow Jones,3085.84,3073.67,3120.17,3023.9300000000003,793135895,5.05,9.25,2.31
2002-03-17,Dow Jones,4909.23,4868.07,4951.299999999999,4862.33,380151948,-1.13,5.39,14.22
2002-03-18,NASDAQ,4029.24,4013.4599999999996,4049.9799999999996,3977.1599999999994,381043841,-1.32,8.76,10.37
2002-03-19,S&P 500,1646.69,1694.8300000000002,1733.2200000000003,1644.1000000000001,633634037,5.72,1.25,3.19
2002-03-20,NASDAQ,2907.6,2920.5699999999997,2922.6,2906.0899999999997,881853414,2.82,4.94,2.27
2002-03-21,S&P 500,3873.32,3864.94,3879.4700000000003,3859.67,91540747,5.25,4.57,2.66
2002-03-22,NASDAQ,1989.36,1956.01,1999.51,1907.74,419577830,-0.96,0.08,9.92
2002-03-23,NASDAQ,3562.46,3611.08,3631.18,3515.42,467646386,3.98,4.43,9.98
2002-03-24,Dow Jones,3666.4,3698.48,3740.77,3656.7000000000003,552765197,1.66,3.69,8.5
2002-03-25,S&P 500,1650.8,1628.95,1668.11,1620.8700000000001,728694621,3.95,6.7,5.99
2002-03-26,S&P 500,3260.34,3217.3500000000004,3293.07,3205.32,185241256,-0.64,9.38,8.91
2002-03-27,Dow Jones,4086.51,4042.17,4121.9800000000005,4016.39,445736241,5.73,0.86,8.71
2002-03-28,Dow Jones,2995.58,2957.62,3024.89,2929.13,735032618,7.09,3.27,2.25
2002-03-29,Dow Jones,1048.41,1056.49,1074.35,1037.3300000000002,943752431,-1.1,4.44,5.67
2002-03-30,Dow Jones,1036.15,1079.0300000000002,1107.88,998.32,785909010,-0.49,4.55,2.69
2002-03-31,S&P 500,2428.12,2427.79,2445.23,2412.31,826079326,4.92,7.75,13.7
2002-04-01,S&P 500,4704.78,4739.07,4743.259999999999,4658.67,457540906,5.43,4.43,11.43
2002-04-02,NASDAQ,1914.71,1909.3,1964.3500000000001,1876.46,667718449,5.56,0.27,14.95
2002-04-03,NASDAQ,3537.45,3558.31,3564.67,3515.6299999999997,609304618,5.24,7.1,5.93
2002-04-04,Dow Jones,1888.3,1911.49,1915.11,1848.8,388910296,0.89,8.85,13.42
2002-04-05,Dow Jones,2286.68,2254.08,2330.6099999999997,2213.18,231900419,0.92,5.14,9.84
2002-04-06,Dow Jones,4392.17,4378.29,4407.26,4363.7699999999995,312639537,-1.18,5.81,7.89
2002-04-07,NASDAQ,3915.45,3929.18,3961.69,3898.46,586540018,-2.65,1.63,4.89
2002-04-08,NASDAQ,1381.6,1338.6699999999998,1398.05,1291.87,750187852,5.39,2.21,11.6
2002-04-09,NASDAQ,2714.81,2700.96,2734.38,2692.7200000000003,626208766,-3.6,2.35,13.75
2002-04-10,NASDAQ,1116.68,1120.16,1133.27,1114.5700000000002,372046783,9.07,4.31,5.06
2002-04-11,NASDAQ,2923.56,2973.18,2990.33,2900.86,349489213,7.4,9.28,4.28
2002-04-12,NASDAQ,3649.74,3647.1899999999996,3670.2799999999997,3607.1299999999997,897745641,7.86,5.22,11.05
2002-04-13,NASDAQ,1474.01,1505.62,1541.6399999999999,1435.43,424904252,8.6,1.92,14.7
2002-04-14,Dow Jones,2155.54,2148.75,2181.12,2102.77,103308789,1.13,2.66,11.75
2002-04-15,Dow Jones,2591.35,2620.99,2668.1699999999996,2564.69,645887396,7.7,3.84,5.7
2002-04-16,Dow Jones,4678.12,4687.66,4689.75,4673.12,619709839,-2.63,6.23,7.46
2002-04-17,Dow Jones,4973.02,5011.68,5036.83,4943.59,322271257,-4.68,4.4,7.0
2002-04-18,NASDAQ,1179.65,1170.74,1208.8600000000001,1131.82,191069094,6.77,3.92,13.08
2002-04-19,S&P 500,4044.03,4054.46,4100.47,4039.36,723373906,-3.88,5.65,12.03
2002-04-20,NASDAQ,2486.9,2499.9,2502.36,2478.27,887902701,9.83,2.42,9.66
2002-04-21,S&P 500,2569.83,2561.5699999999997,2598.5,2560.9599999999996,618799566,5.12,0.79,5.57
2002-04-22,Dow Jones,4017.06,3981.49,4059.74,3951.81,588235359,6.3,0.24,14.19
2002-04-23,NASDAQ,4673.71,4633.07,4685.81,4588.73,15508208,-1.31,2.51,10.49
2002-04-24,Dow Jones,4803.71,4755.38,4847.52,4721.85,728853972,5.11,0.92,14.62
2002-04-25,NASDAQ,3308.49,3345.8399999999997,3346.7899999999995,3259.39,596470400,-4.35,3.36,9.54
2002-04-26,Dow Jones,2428.48,2402.13,2465.1,2398.98,959701253,7.57,7.73,12.68
2002-04-27,S&P 500,4150.2,4121.349999999999,4196.86,4076.1999999999994,735697498,-2.46,7.16,12.57
2002-04-28,S&P 500,2004.01,2027.61,2060.47,1963.31,951460054,5.46,6.11,6.39
2002-04-29,S&P 500,3256.3,3238.3,3278.25,3222.59,475296110,-1.63,8.53,14.53
2002-04-30,NASDAQ,2434.31,2434.91,2437.1499999999996,2385.63,526559262,-3.97,2.82,2.29
2002-05-01,S&P 500,3626.52,3592.77,3672.53,3578.37,138496843,2.22,8.85,11.99
2002-05-02,NASDAQ,1961.6,2007.57,2031.08,1917.1299999999999,523152532,-2.46,3.99,14.55
2002-05-03,S&P 500,1766.37,1801.53,1802.98,1722.33,692239923,5.94,4.01,6.41
2002-05-04,S&P 500,4672.96,4709.34,4743.83,4635.08,838648449,-1.44,4.05,10.43
2002-05-05,NASDAQ,1407.21,1397.89,1431.3,1369.72,439317188,0.14,0.98,9.31
2002-05-06,NASDAQ,3023.83,3050.0699999999997,3056.2899999999995,3017.83,492014024,3.51,9.75,11.9
2002-05-07,S&P 500,1883.41,1847.8000000000002,1894.1200000000001,1821.2000000000003,580621779,-0.73,1.39,13.26
2002-05-08,NASDAQ,1155.72,1106.58,1158.94,1088.74,184752785,0.67,3.41,9.84
2002-05-09,S&P 500,1144.08,1096.08,1172.79,1056.47,87030204,7.23,3.19,12.61
2002-05-10,NASDAQ,1700.89,1709.5500000000002,1740.65,1662.98,941653525,-2.31,0.75,6.06
2002-05-11,Dow Jones,4467.08,4462.62,4492.37,4417.09,490280839,-3.77,1.52,4.97
2002-05-12,Dow Jones,2129.91,2131.71,2172.57,2129.17,101580449,-0.07,0.45,7.6
2002-05-13,Dow Jones,4801.84,4752.59,4844.89,4712.13,265323656,1.37,2.92,10.81
2002-05-14,Dow Jones,3326.49,3318.7599999999998,3357.27,3271.8399999999997,440474717,3.14,8.67,4.43
2002-05-15,Dow Jones,2746.46,2768.27,2768.91,2706.9900000000002,173299388,0.59,3.39,10.84
2002-05-16,S&P 500,3320.36,3314.63,3355.1200000000003,3308.12,286007631,6.85,1.24,7.12
2002-05-17,Dow Jones,3066.79,3090.0099999999998,3110.91,3062.73,389482772,-4.41,6.46,12.34
2002-05-18,Dow Jones,4035.11,4008.4100000000003,4063.3900000000003,4007.3700000000003,438581956,1.48,9.97,2.48
2002-05-19,Dow Jones,2129.98,2161.29,2193.74,2098.54,267165750,0.73,2.32,10.68
2002-05-20,Dow Jones,2412.2,2421.04,2438.55,2380.72,541887196,4.71,2.8,10.45
2002-05-21,NASDAQ,4576.38,4547.46,4622.2300000000005,4498.11,670822510,9.49,9.72,14.23
2002-05-22,S&P 500,4785.83,4759.5,4792.53,4739.6,741132708,2.66,1.79,11.27
2002-05-23,Dow Jones,4570.23,4583.03,4616.61,4553.629999999999,366501290,9.8,5.11,12.35
2002-05-24,Dow Jones,2677.79,2710.7799999999997,2710.9999999999995,2646.57,154495933,-0.47,2.4,13.76
2002-05-25,Dow Jones,4121.46,4113.02,4167.69,4071.7400000000002,923864661,-4.54,9.32,10.78
2002-05-26,S&P 500,2905.34,2881.17,2910.9700000000003,2834.33,72828429,-2.52,9.82,5.77
2002-05-27,NASDAQ,2990.16,3026.8599999999997,3031.5999999999995,2950.0,598413816,0.93,8.15,13.31
2002-05-28,S&P 500,1818.72,1835.65,1852.3000000000002,1797.39,734194834,-0.25,3.15,11.72
2002-05-29,NASDAQ,3364.52,3359.33,3383.2,3327.58,213965847,-3.54,4.03,7.52
2002-05-30,Dow Jones,1744.54,1743.33,1755.26,1700.52,373281577,1.49,2.42,11.24
2002-05-31,Dow Jones,2326.26,2296.69,2355.5200000000004,2272.16,189865083,0.07,8.91,13.28
2002-06-01,S&P 500,4420.12,4432.8,4454.95,4409.29,483117061,-3.16,9.15,14.68
2002-06-02,S&P 500,1828.3,1814.1699999999998,1830.01,1805.6799999999998,65683707,-0.56,4.19,14.38
2002-06-03,NASDAQ,1284.63,1334.19,1350.17,1284.6200000000001,604510329,8.3,6.57,6.23
2002-06-04,NASDAQ,1276.03,1274.05,1316.55,1238.1399999999999,823633218,-0.47,1.66,7.48
2002-06-05,S&P 500,4763.14,4761.7300000000005,4797.63,4756.18,104390369,5.71,4.35,3.42
2002-06-06,NASDAQ,3027.68,3034.27,3070.5099999999998,3015.49,333994860,4.18,6.31,5.22
2002-06-07,S&P 500,2637.65,2679.33,2714.24,2622.76,708879217,1.41,3.85,13.47
2002-06-08,NASDAQ,4243.51,4273.59,4289.14,4215.49,238420545,-1.41,3.58,6.69
2002-06-09,S&P 500,4343.3,4338.41,4348.28,4318.51,960406350,0.54,0.01,10.07
2002-06-10,S&P 500,2328.76,2350.63,2364.25,2295.03,599733220,3.88,8.04,10.66
2002-06-11,S&P 500,3774.47,3783.0899999999997,3824.68,3771.6899999999996,53243598,0.26,8.89,12.16
2002-06-12,NASDAQ,4084.49,4083.7299999999996,4133.51,4077.5299999999997,725409019,-1.78,9.69,4.38
2002-06-13,NASDAQ,3618.6,3587.83,3643.29,3562.87,915187103,-3.25,7.19,5.96
2002-06-14,NASDAQ,1606.38,1602.7700000000002,1606.8700000000001,1585.9200000000003,564877716,8.2,5.49,7.83
2002-06-15,S&P 500,4503.53,4478.11,4510.53,4463.32,346815999,1.6,2.69,6.74
2002-06-16,NASDAQ,3156.38,3197.86,3213.96,3153.03,260981264,4.38,9.99,14.78
2002-06-17,NASDAQ,2129.89,2113.43,2158.8199999999997,2068.64,266419745,2.36,5.9,12.85
2002-06-18,S&P 500,2700.91,2746.14,2749.89,2666.3199999999997,557588767,8.09,6.81,8.24
2002-06-19,Dow Jones,1150.28,1153.59,1200.76,1144.2,59430449,3.2,6.82,13.43
2002-06-20,S&P 500,1511.47,1524.6200000000001,1542.8700000000001,1508.22,208027054,2.21,8.45,6.52
2002-06-21,NASDAQ,4062.19,4066.48,4112.11,4013.4500000000003,696347891,8.87,0.1,12.22
2002-06-22,S&P 500,1000.05,962.99,1039.08,928.9300000000001,740909142,5.8,2.2,4.91
2002-06-23,Dow Jones,2666.26,2653.84,2704.03,2632.9700000000003,316181922,-3.33,6.66,12.04
2002-06-24,S&P 500,3090.04,3049.95,3120.38,3014.8599999999997,667689642,-2.33,8.95,7.93
2002-06-25,NASDAQ,1218.54,1230.84,1262.1799999999998,1180.72,695910248,6.81,6.85,3.4
2002-06-26,Dow Jones,4892.31,4887.0,4924.21,4848.0,172507428,7.54,4.13,5.55
2002-06-27,NASDAQ,1904.5,1932.3,1963.74,1880.61,934279544,3.18,3.62,7.23
2002-06-28,Dow Jones,2216.79,2188.84,2244.48,2167.3500000000004,367005344,3.32,7.38,11.74
2002-06-29,Dow Jones,2215.77,2182.23,2265.09,2181.68,453229400,4.48,7.41,2.95
2002-06-30,S&P 500,1921.67,1912.3000000000002,1958.28,1865.9700000000003,901822125,1.59,6.07,10.57
2002-07-01,S&P 500,1005.9,1048.56,1087.4099999999999,975.73,337333351,5.2,2.91,11.31
2002-07-02,NASDAQ,3917.38,3938.42,3982.04,3907.2200000000003,803510420,-3.37,9.25,10.5
2002-07-03,S&P 500,4867.38,4859.27,4878.16,4813.290000000001,516602221,9.42,5.52,11.89
2002-07-04,S&P 500,1897.17,1898.9,1903.0900000000001,1851.42,453954299,6.25,7.9,4.32
2002-07-05,Dow Jones,3652.19,3610.61,3676.33,3561.15,941762599,4.47,2.14,9.63
2002-07-06,S&P 500,3967.59,4016.05,4041.75,3923.8900000000003,309805650,-0.26,3.44,14.23
2002-07-07,Dow Jones,4393.7,4410.34,4451.8,4343.8099999999995,502351258,-2.59,8.75,9.94
2002-07-08,Dow Jones,2690.52,2669.06,2712.71,2656.83,927311816,1.14,0.5,9.95
2002-07-09,Dow Jones,2211.72,2220.2999999999997,2248.8399999999997,2169.6099999999997,296075652,4.92,5.12,11.57
2002-07-10,NASDAQ,2301.18,2262.1299999999997,2327.5299999999997,2220.9799999999996,605312836,4.51,4.82,6.33
2002-07-11,NASDAQ,3850.49,3897.0699999999997,3898.9799999999996,3838.9399999999996,761908760,0.74,7.51,11.11
2002-07-12,NASDAQ,4267.12,4234.599999999999,4297.88,4229.679999999999,70063065,4.2,2.82,13.91
2002-07-13,Dow Jones,1726.46,1741.26,1782.66,1677.49,850929618,7.21,2.19,2.14
2002-07-14,NASDAQ,2483.76,2458.3100000000004,2491.6400000000003,2443.51,839784669,-4.61,9.26,13.31
2002-07-15,NASDAQ,4607.76,4629.52,4659.240000000001,4564.22,595758115,1.76,5.72,4.84
2002-07-16,S&P 500,4226.77,4254.450000000001,4284.130000000001,4226.56,413327215,6.38,1.05,7.93
2002-07-17,NASDAQ,4939.43,4956.77,4964.9800000000005,4938.38,8115375,3.19,1.93,13.08
2002-07-18,NASDAQ,4016.99,4028.4399999999996,4034.6099999999997,3993.7,865170639,4.77,9.99,12.71
2002-07-19,Dow Jones,2572.78,2612.03,2661.03,2560.84,7787839,2.75,1.96,13.6
2002-07-20,Dow Jones,3362.55,3320.4100000000003,3382.2400000000002,3285.9200000000005,347615825,9.88,6.1,14.23
2002-07-21,Dow Jones,3644.06,3627.15,3655.43,3598.87,654781175,-4.18,4.2,7.81
2002-07-22,Dow Jones,1313.82,1288.6499999999999,1322.3899999999999,1284.78,65244116,2.37,8.86,10.53
2002-07-23,Dow Jones,3177.99,3226.79,3260.17,3169.8599999999997,214748510,-3.63,7.55,7.08
2002-07-24,Dow Jones,3837.28,3826.2200000000003,3867.75,3806.82,237429184,-2.6,5.97,6.56
2002-07-25,NASDAQ,1669.29,1692.55,1724.73,1660.01,104558274,0.75,0.11,7.61
2002-07-26,Dow Jones,4122.53,4141.0,4145.4,4082.9199999999996,138697758,-2.67,8.8,11.66
2002-07-27,Dow Jones,3335.09,3306.3,3379.77,3285.5,142027096,9.46,4.45,8.52
2002-07-28,S&P 500,4808.89,4782.79,4828.35,4778.12,815081780,9.2,9.32,12.58
2002-07-29,NASDAQ,1169.69,1147.8200000000002,1185.3600000000001,1123.6000000000001,939061831,0.04,4.96,11.69
2002-07-30,NASDAQ,2061.3,2052.4100000000003,2084.42,2047.8700000000003,673948928,4.6,6.94,2.27
2002-07-31,NASDAQ,3406.22,3379.6499999999996,3425.72,3373.2,582035325,3.01,0.69,10.19
2002-08-01,Dow Jones,2186.24,2138.2099999999996,2229.4199999999996,2126.2299999999996,897781702,7.23,7.45,7.68
2002-08-02,Dow Jones,3857.7,3895.64,3942.1,3814.72,480276550,4.41,3.38,7.94
2002-08-03,Dow Jones,4036.02,4082.58,4097.75,3989.79,112019143,-5.0,3.51,12.64
2002-08-04,S&P 500,1410.06,1394.22,1453.26,1352.91,784618578,6.45,1.19,9.12
2002-08-05,Dow Jones,3055.42,3039.27,3094.5,3022.57,561959114,6.2,1.47,13.51
2002-08-06,S&P 500,3035.56,2986.27,3082.1,2972.65,312373166,2.65,1.86,11.27
2002-08-07,NASDAQ,2477.12,2495.15,2507.44,2449.66,791941160,8.54,3.28,9.19
2002-08-08,Dow Jones,4731.7,4764.24,4793.09,4695.61,400243952,8.63,8.92,11.81
2002-08-09,S&P 500,4310.03,4274.69,4323.759999999999,4225.0199999999995,31780426,2.86,3.68,2.5
2002-08-10,S&P 500,3788.84,3754.81,3830.04,3748.23,775363109,4.12,7.24,2.35
2002-08-11,Dow Jones,3857.31,3886.32,3886.59,3854.85,445250664,9.95,0.83,3.08
2002-08-12,NASDAQ,2846.86,2858.4900000000002,2886.73,2812.1400000000003,271145981,-0.52,5.91,7.69
2002-08-13,NASDAQ,4683.98,4638.469999999999,4700.94,4596.86,993787569,-0.13,4.82,5.06
2002-08-14,NASDAQ,3778.38,3790.63,3806.76,3736.06,552282355,-2.26,9.78,14.8
2002-08-15,S&P 500,3915.92,3896.81,3948.17,3862.89,620207361,8.44,8.46,9.05
2002-08-16,S&P 500,4446.76,4433.63,4489.33,4385.93,468830979,6.17,4.55,10.61
2002-08-17,S&P 500,2096.29,2123.2599999999998,2153.72,2070.74,731603505,-3.42,7.75,5.62
2002-08-18,S&P 500,4228.28,4259.37,4302.03,4182.59,949435803,9.73,1.93,6.18
2002-08-19,NASDAQ,1780.96,1771.0,1794.19,1722.61,662241674,5.96,5.62,6.36
2002-08-20,Dow Jones,2381.37,2426.0899999999997,2452.0699999999997,2339.0099999999998,951768962,7.76,0.75,11.08
2002-08-21,S&P 500,2342.44,2333.09,2364.9700000000003,2317.6000000000004,687354343,-4.28,3.48,8.16
2002-08-22,S&P 500,4914.1,4941.280000000001,4941.860000000001,4904.29,886876484,2.57,2.26,8.73
2002-08-23,NASDAQ,4426.15,4424.54,4453.99,4397.13,809902143,5.48,7.19,9.7
2002-08-24,Dow Jones,3804.68,3844.43,3877.5099999999998,3782.0299999999997,790105267,3.14,4.9,11.99
2002-08-25,Dow Jones,3908.23,3949.01,3978.61,3864.34,54894100,5.0,7.51,3.17
2002-08-26,NASDAQ,3248.29,3207.0299999999997,3285.1,3202.0299999999997,154015957,7.27,5.15,12.1
2002-08-27,NASDAQ,4788.36,4832.009999999999,4860.579999999999,4775.469999999999,977829045,0.62,0.86,9.32
2002-08-28,Dow Jones,2985.04,3017.59,3020.9300000000003,2947.45,825249508,7.73,7.35,10.7
2002-08-29,S&P 500,2522.07,2551.2000000000003,2557.0200000000004,2517.32,255295291,-2.56,8.33,6.26
2002-08-30,Dow Jones,1652.14,1622.23,1681.96,1606.19,546412874,-0.94,9.04,7.32
2002-08-31,NASDAQ,4144.82,4175.33,4189.08,4125.46,536601195,-4.35,5.72,5.01
2002-09-01,S&P 500,3937.78,3972.7900000000004,3976.7700000000004,3906.65,897220629,0.47,7.54,14.73
2002-09-02,S&P 500,2537.42,2516.34,2558.9,2508.4300000000003,942040104,0.7,7.52,8.46
2002-09-03,NASDAQ,1100.77,1146.0,1173.72,1057.74,760311436,7.08,1.56,14.95
2002-09-04,NASDAQ,4355.99,4310.98,4372.429999999999,4288.599999999999,420789173,4.8,1.64,8.37
2002-09-05,NASDAQ,1045.67,1010.6600000000001,1081.69,964.8100000000001,65311923,1.55,0.71,4.86
2002-09-06,Dow Jones,3814.8,3818.5600000000004,3850.7500000000005,3791.4100000000003,644638204,4.78,3.2,8.6
2002-09-07,Dow Jones,4881.03,4888.61,4905.25,4867.28,354740866,-4.21,4.74,2.51
2002-09-08,S&P 500,2750.65,2765.17,2802.91,2743.56,476911692,-2.3,9.98,13.76
2002-09-09,NASDAQ,1939.89,1891.5900000000001,1972.3200000000002,1891.4,926975643,4.4,4.31,12.64
2002-09-10,S&P 500,3819.48,3865.52,3897.39,3792.87,328960309,4.62,7.26,11.44
2002-09-11,S&P 500,4268.51,4222.97,4296.18,4217.610000000001,866708810,6.61,6.93,9.93
2002-09-12,S&P 500,3185.72,3150.0299999999997,3186.29,3130.4399999999996,869180618,1.04,2.04,9.54
2002-09-13,S&P 500,4868.14,4819.54,4902.97,4790.08,939886996,5.84,0.59,14.96
2002-09-14,NASDAQ,1206.67,1213.3600000000001,1232.16,1192.89,102766387,5.26,5.46,5.61
2002-09-15,S&P 500,3019.18,3062.41,3109.54,3010.4199999999996,818586516,9.45,7.0,12.14
2002-09-16,NASDAQ,3873.82,3890.4100000000003,3931.3100000000004,3835.0800000000004,999353798,-1.77,9.98,9.56
2002-09-17,NASDAQ,4450.56,4482.830000000001,4512.210000000001,4403.22,612874576,3.28,3.59,14.69
2002-09-18,Dow Jones,1717.02,1668.35,1729.6299999999999,1663.33,258609007,4.03,8.96,12.76
2002-09-19,NASDAQ,4200.01,4204.21,4214.4,4192.2300000000005,605039565,9.98,3.82,14.98
2002-09-20,Dow Jones,3210.83,3206.79,3227.85,3158.79,99598335,-1.98,6.89,9.65
2002-09-21,NASDAQ,2586.21,2586.11,2610.04,2584.2200000000003,104344224,2.85,5.98,4.66
2002-09-22,NASDAQ,1526.86,1484.08,1541.6599999999999,1435.1999999999998,594175882,0.19,0.53,8.55
2002-09-23,NASDAQ,4461.18,4479.62,4505.37,4460.950000000001,650235660,2.89,0.78,11.24
2002-09-24,Dow Jones,1629.09,1629.4099999999999,1637.6799999999998,1585.4099999999999,379192320,-1.52,0.21,12.07
2002-09-25,Dow Jones,2239.15,2265.6600000000003,2314.55,2223.78,480024545,-4.29,3.71,2.01
2002-09-26,S&P 500,2160.18,2158.71,2165.58,2111.78,986317000,3.59,7.46,8.57
2002-09-27,Dow Jones,4485.66,4450.599999999999,4532.26,4434.749999999999,624358847,0.04,1.73,5.06
2002-09-28,Dow Jones,3690.81,3705.64,3751.3199999999997,3658.09,505246820,-2.27,6.06,13.37
2002-09-29,Dow Jones,4186.73,4153.969999999999,4213.0,4149.969999999999,365454685,-0.14,2.89,3.99
2002-09-30,Dow Jones,2001.87,2039.11,2075.3599999999997,1989.75,332140520,-4.26,7.97,10.66
2002-10-01,S&P 500,3499.5,3510.81,3532.61,3460.82,729249772,9.26,7.98,5.46
2002-10-02,Dow Jones,3286.98,3252.7,3318.48,3226.27,340572196,3.72,7.75,6.64
2002-10-03,NASDAQ,4331.32,4377.549999999999,4394.579999999999,4284.92,661222766,7.22,5.25,14.23
2002-10-04,NASDAQ,4624.35,4626.1900000000005,4641.250000000001,4602.910000000001,422739517,1.35,2.85,5.13
2002-10-05,Dow Jones,1048.63,1005.9200000000001,1077.5400000000002,962.4300000000001,122030790,8.55,8.09,3.24
2002-10-06,Dow Jones,3696.08,3708.7599999999998,3733.6699999999996,3673.63,789396685,2.25,1.86,2.9
2002-10-07,NASDAQ,1207.34,1182.6599999999999,1236.32,1133.6999999999998,958463805,3.61,2.9,8.56
2002-10-08,NASDAQ,3195.43,3225.7999999999997,3240.1299999999997,3147.44,150845551,2.38,1.84,10.34
2002-10-09,S&P 500,2150.53,2182.3100000000004,2200.6600000000003,2134.07,415813438,6.0,6.74,6.25
2002-10-10,NASDAQ,2227.11,2275.0,2279.19,2182.81,716678341,3.5,6.86,10.97
2002-10-11,NASDAQ,2411.83,2412.02,2414.63,2369.45,368064865,-0.93,6.53,2.79
2002-10-12,Dow Jones,3485.17,3480.67,3497.84,3470.14,446121231,-2.82,4.16,13.15
2002-10-13,NASDAQ,2336.2,2361.5499999999997,2365.2599999999998,2304.99,110266418,4.09,1.0,12.62
2002-10-14,S&P 500,3930.8,3894.05,3935.9900000000002,3890.42,107846820,2.34,9.11,14.81
2002-10-15,NASDAQ,2618.11,2622.8,2663.4500000000003,2576.27,772676643,-3.56,5.08,14.17
2002-10-16,Dow Jones,1273.41,1278.03,1279.97,1264.68,428951149,0.93,4.07,6.63
2002-10-17,Dow Jones,4135.04,4093.99,4167.99,4090.45,20453370,2.72,5.89,7.19
2002-10-18,NASDAQ,2143.03,2134.8300000000004,2156.6600000000003,2114.82,287334533,7.4,1.93,11.7
2002-10-19,Dow Jones,2731.07,2766.4,2809.98,2702.2200000000003,747861191,-3.86,1.33,3.74
2002-10-20,S&P 500,3741.78,3777.4,3801.65,3699.03,663147863,0.23,4.06,6.08
2002-10-21,S&P 500,2329.82,2289.7400000000002,2345.1000000000004,2241.03,280827010,7.34,2.27,3.54
2002-10-22,NASDAQ,1226.34,1185.4099999999999,1252.22,1163.4399999999998,249032259,4.73,2.44,7.91
2002-10-23,NASDAQ,2495.68,2471.95,2514.7799999999997,2468.93,697643295,-0.65,8.93,9.18
2002-10-24,NASDAQ,4777.79,4815.2699999999995,4843.49,4740.33,543996480,7.68,5.31,4.75
2002-10-25,Dow Jones,3566.94,3529.83,3572.67,3501.5699999999997,938848097,2.4,4.83,2.35
2002-10-26,S&P 500,3685.92,3707.92,3757.77,3663.53,47418028,2.48,6.89,11.35
2002-10-27,S&P 500,3529.13,3489.25,3550.4100000000003,3473.79,671637832,9.65,9.52,2.26
2002-10-28,Dow Jones,1795.97,1808.28,1825.69,1770.8500000000001,433848446,9.21,1.12,14.65
2002-10-29,S&P 500,2673.34,2658.9500000000003,2708.8500000000004,2642.0200000000004,31091529,0.38,8.34,4.88
2002-10-30,NASDAQ,4003.76,4032.65,4050.84,3965.9100000000003,304805577,-2.89,5.84,10.63
2002-10-31,NASDAQ,1405.49,1378.86,1447.15,1351.6699999999998,675704817,-0.11,1.46,7.65
2002-11-01,NASDAQ,2111.41,2125.33,2148.04,2067.5699999999997,828232299,-4.54,2.97,2.78
2002-11-02,S&P 500,2105.28,2078.8500000000004,2141.26,2051.6700000000005,222566461,-4.69,4.82,8.14
2002-11-03,NASDAQ,2728.08,2749.45,2754.8199999999997,2716.17,144137711,0.93,6.91,8.72
2002-11-04,Dow Jones,4921.47,4958.84,5001.150000000001,4878.92,497980950,9.12,2.43,13.11
2002-11-05,Dow Jones,1270.01,1232.69,1306.8,1204.8300000000002,686005061,8.07,5.35,11.52
2002-11-06,S&P 500,3074.8,3111.46,3122.05,3064.46,652614935,2.67,6.85,3.03
2002-11-07,Dow Jones,1717.46,1726.82,1734.08,1686.28,179684536,3.48,4.49,4.72
2002-11-08,Dow Jones,4882.71,4845.42,4898.52,4827.53,896092887,-4.91,8.63,6.05
2002-11-09,S&P 500,1453.21,1445.96,1502.01,1403.74,952236820,-1.77,8.69,3.51
2002-11-10,NASDAQ,2614.4,2580.4900000000002,2627.2400000000002,2557.8300000000004,424603191,-4.63,4.71,7.94
2002-11-11,NASDAQ,3951.54,3971.57,3994.38,3915.22,267163433,6.32,9.73,14.8
2002-11-12,NASDAQ,3818.22,3844.1099999999997,3845.6099999999997,3813.4399999999996,38145438,-2.82,0.76,8.69
2002-11-13,S&P 500,2690.91,2651.49,2710.77,2631.6899999999996,938542254,8.04,0.03,11.64
2002-11-14,Dow Jones,2386.1,2386.71,2415.28,2336.94,436623865,4.65,3.81,10.88
2002-11-15,NASDAQ,2590.45,2621.91,2669.5699999999997,2550.0299999999997,334594984,-1.56,6.01,13.05
2002-11-16,NASDAQ,2057.11,2100.73,2126.57,2049.11,418802559,-2.63,6.29,4.8
2002-11-17,S&P 500,1821.33,1822.6799999999998,1863.6399999999999,1807.4399999999998,865213213,4.41,4.76,11.8
2002-11-18,NASDAQ,2932.16,2977.19,3004.55,2915.67,804307447,8.51,1.25,13.46
2002-11-19,S&P 500,2074.14,2077.71,2079.75,2041.62,641335585,5.78,1.7,4.23
2002-11-20,Dow Jones,2149.85,2139.27,2165.6,2101.42,420897553,0.23,8.52,6.51
2002-11-21,S&P 500,3627.02,3661.84,3690.6200000000003,3589.54,773252578,3.81,8.68,14.61
2002-11-22,S&P 500,4874.15,4873.45,4921.679999999999,4847.96,599226502,-0.34,6.74,12.15
2002-11-23,S&P 500,3414.55,3411.7400000000002,3457.51,3371.2000000000003,56996904,9.99,6.64,5.67
2002-11-24,S&P 500,1307.92,1306.95,1319.3400000000001,1285.1000000000001,92541351,6.23,5.98,9.33
2002-11-25,Dow Jones,1302.33,1337.01,1348.02,1296.1399999999999,760722584,4.22,2.03,7.26
2002-11-26,Dow Jones,4805.69,4838.879999999999,4848.94,4777.469999999999,694687045,1.35,4.28,8.37
2002-11-27,NASDAQ,2189.16,2179.5099999999998,2235.2799999999997,2131.89,588423680,4.27,6.96,6.62
2002-11-28,Dow Jones,1368.27,1351.6,1410.9,1311.9499999999998,790611373,0.12,5.37,5.63
2002-11-29,Dow Jones,3396.18,3395.37,3434.9199999999996,3366.43,67958799,-4.57,0.19,10.77
2002-11-30,NASDAQ,3494.6,3501.88,3521.52,3462.2599999999998,823104763,0.93,9.54,12.12
2002-12-01,Dow Jones,3594.02,3567.85,3619.24,3521.3199999999997,575611055,8.96,8.45,13.36
2002-12-02,S&P 500,2069.61,2099.01,2122.23,2048.19,139947011,4.39,2.61,4.02
2002-12-03,S&P 500,1060.44,1059.0900000000001,1073.1100000000001,1042.5200000000002,857291740,-3.74,6.16,12.7
2002-12-04,NASDAQ,4860.06,4843.46,4885.31,4794.6,440613349,8.27,9.23,5.31
2002-12-05,NASDAQ,2003.57,1964.25,2005.09,1921.08,394428718,-0.97,0.96,7.56
2002-12-06,NASDAQ,3704.11,3677.9900000000002,3710.7000000000003,3661.84,396545051,-1.34,5.03,13.72
2002-12-07,S&P 500,3826.52,3871.45,3915.7799999999997,3803.33,787739455,-0.54,4.56,7.91
2002-12-08,Dow Jones,3440.03,3420.5400000000004,3477.61,3399.7900000000004,367310549,3.66,4.1,4.56
2002-12-09,S&P 500,2251.63,2218.52,2272.77,2211.07,616684222,3.17,8.36,4.08
2002-12-10,NASDAQ,2084.39,2080.46,2110.25,2032.57,722973054,2.37,3.81,8.15
2002-12-11,Dow Jones,3390.67,3371.38,3409.17,3351.1600000000003,94772255,5.76,0.64,11.91
2002-12-12,Dow Jones,4464.38,4417.900000000001,4501.42,4374.13,706631200,-0.25,0.66,14.96
2002-12-13,S&P 500,4786.93,4769.240000000001,4826.14,4759.77,605282252,6.73,0.43,12.24
2002-12-14,NASDAQ,1423.62,1428.03,1466.19,1396.2299999999998,561864154,-2.37,4.09,13.4
2002-12-15,S&P 500,1619.31,1624.48,1660.6100000000001,1618.11,944495569,6.74,7.18,11.72
2002-12-16,Dow Jones,4778.95,4764.61,4789.179999999999,4726.4,772295505,4.96,2.04,13.64
2002-12-17,S&P 500,3946.14,3940.87,3963.04,3911.8199999999997,997193100,5.25,6.46,2.99
2002-12-18,S&P 500,4531.98,4578.53,4602.0199999999995,4500.7,871539221,2.22,6.87,14.09
2002-12-19,NASDAQ,1810.53,1798.26,1827.07,1795.67,183411197,5.01,2.55,7.15
2002-12-20,NASDAQ,3350.34,3326.1600000000003,3388.09,3315.61,481374669,-3.8,6.01,13.98
2002-12-21,Dow Jones,3804.56,3778.91,3821.0299999999997,3775.19,913826506,7.77,6.85,2.98
2002-12-22,S&P 500,3720.45,3716.23,3727.3599999999997,3701.78,603415206,-4.17,4.67,11.3
2002-12-23,S&P 500,2632.61,2658.56,2678.5099999999998,2601.2400000000002,726595377,-2.77,3.37,11.56
2002-12-24,S&P 500,1061.58,1032.1799999999998,1110.58,1003.8699999999999,126998293,3.65,6.19,14.96
2002-12-25,Dow Jones,3331.7,3352.6299999999997,3363.9199999999996,3301.0899999999997,555852835,6.09,9.78,12.0
2002-12-26,Dow Jones,2012.41,1964.52,2043.02,1937.06,451722320,-3.86,4.27,6.97
2002-12-27,NASDAQ,2801.02,2792.91,2822.67,2779.2599999999998,196862194,8.81,3.92,9.24
2002-12-28,NASDAQ,4830.32,4857.91,4861.46,4818.09,999789343,9.6,4.64,6.77
2002-12-29,NASDAQ,2596.14,2580.0099999999998,2620.5299999999997,2573.16,744281933,4.09,0.76,4.55
2002-12-30,S&P 500,4359.21,4365.58,4400.69,4316.76,777400873,2.22,5.53,5.23
2002-12-31,S&P 500,1754.16,1724.66,1779.8200000000002,1693.8400000000001,470485368,6.12,3.29,4.89
2003-01-01,NASDAQ,3689.84,3714.04,3757.65,3680.51,391784860,-0.07,1.21,9.13
2003-01-02,S&P 500,4908.03,4863.259999999999,4922.48,4854.4,579423941,2.4,4.66,13.78
2003-01-03,NASDAQ,1407.57,1442.82,1447.1299999999999,1363.9199999999998,386255537,8.74,0.03,13.87
2003-01-04,Dow Jones,1033.28,1003.1,1080.11,965.96,420382712,9.33,4.02,2.71
2003-01-05,NASDAQ,2734.33,2771.77,2790.68,2701.36,399146186,8.91,1.06,3.04
2003-01-06,Dow Jones,1370.5,1355.75,1399.32,1335.41,779671335,-1.06,0.24,5.19
2003-01-07,S&P 500,3993.54,4015.81,4055.41,3980.44,297948169,-1.51,8.24,5.32
2003-01-08,NASDAQ,4658.19,4640.11,4674.41,4591.139999999999,542333878,-0.54,9.16,3.23
2003-01-09,S&P 500,2736.08,2776.67,2812.48,2696.22,240244891,1.62,2.08,7.05
2003-01-10,Dow Jones,2034.85,1997.51,2041.62,1982.42,761356618,-0.29,5.39,9.64
2003-01-11,Dow Jones,2737.61,2705.46,2752.17,2663.08,678843150,0.61,2.78,9.52
2003-01-12,Dow Jones,3893.79,3893.09,3901.0299999999997,3855.1400000000003,366200903,4.31,4.94,9.06
2003-01-13,S&P 500,1036.22,994.4100000000001,1076.78,979.5600000000001,916533267,6.44,4.37,6.4
2003-01-14,S&P 500,3357.82,3327.42,3368.9500000000003,3306.09,799752625,6.03,2.69,11.18
2003-01-15,S&P 500,3453.17,3497.55,3533.42,3443.87,502450170,7.22,7.0,12.74
2003-01-16,S&P 500,3550.75,3598.4,3645.56,3545.2,711359360,-4.52,1.26,6.5
2003-01-17,Dow Jones,1968.09,1955.72,1994.48,1919.58,630381212,-4.28,0.53,3.11
2003-01-18,Dow Jones,3856.21,3898.54,3925.54,3842.83,802355159,6.84,7.68,5.85
2003-01-19,NASDAQ,1365.57,1370.05,1393.1,1324.57,440876455,3.0,6.66,3.79
2003-01-20,NASDAQ,1797.08,1774.05,1813.37,1724.27,670698146,3.67,4.99,8.08
2003-01-21,S&P 500,4509.88,4530.12,4553.9,4506.05,225741600,-4.21,4.68,4.03
2003-01-22,Dow Jones,3954.89,3970.7799999999997,4000.9199999999996,3931.24,16246163,-1.17,4.97,8.02
2003-01-23,Dow Jones,1054.98,1103.89,1153.19,1014.88,475550712,4.58,4.37,4.87
2003-01-24,Dow Jones,1993.51,1970.01,2040.4,1930.56,383321359,7.89,3.93,11.6
2003-01-25,NASDAQ,1857.63,1874.8400000000001,1917.95,1819.63,74650760,8.75,5.0,2.36
2003-01-26,NASDAQ,2083.23,2038.43,2127.69,2020.98,94366238,2.51,5.29,9.21
2003-01-27,Dow Jones,1990.24,1951.6,2013.63,1928.9099999999999,184127440,3.18,6.92,4.2
2003-01-28,Dow Jones,1250.11,1200.5,1282.9799999999998,1170.75,78041210,7.5,7.11,2.01
2003-01-29,Dow Jones,2835.76,2885.71,2930.46,2787.0600000000004,748548446,3.06,3.78,13.3
2003-01-30,NASDAQ,3930.93,3961.16,3980.81,3914.5499999999997,443056767,2.75,4.14,10.73
2003-01-31,Dow Jones,3426.93,3455.6,3503.69,3380.77,46396735,8.58,3.74,3.29
2003-02-01,Dow Jones,3691.49,3692.4599999999996,3713.2499999999995,3678.02,125092975,6.85,5.37,10.63
2003-02-02,S&P 500,1324.6,1304.61,1354.6499999999999,1255.1599999999999,780869462,8.64,4.53,9.95
2003-02-03,S&P 500,4805.96,4771.09,4841.45,4737.58,563923205,-1.73,8.9,8.15
2003-02-04,NASDAQ,4353.97,4332.4400000000005,4401.5,4309.26,921068765,2.87,6.96,7.45
2003-02-05,Dow Jones,4220.36,4207.96,4232.589999999999,4177.29,60985718,7.64,8.99,13.53
2003-02-06,Dow Jones,4291.94,4317.57,4354.88,4278.3099999999995,339757126,-3.33,7.09,5.19
2003-02-07,S&P 500,4730.84,4734.81,4760.85,4717.13,897378103,6.92,9.71,7.18
2003-02-08,NASDAQ,3177.02,3134.77,3190.45,3129.09,95964079,-2.26,6.36,6.28
2003-02-09,S&P 500,1801.13,1752.93,1839.96,1747.23,605875495,7.12,9.64,12.03
2003-02-10,S&P 500,3467.13,3427.36,3494.7400000000002,3409.98,38892713,4.18,1.58,13.91
2003-02-11,S&P 500,3971.53,3962.5800000000004,4004.5800000000004,3924.4400000000005,393166381,-2.1,0.52,13.05
2003-02-12,S&P 500,3951.67,3994.9900000000002,4011.1400000000003,3921.27,762025633,2.1,5.79,12.37
2003-02-13,Dow Jones,3085.8,3099.54,3123.6,3080.67,377542475,5.23,9.83,14.83
2003-02-14,Dow Jones,1273.83,1304.01,1334.8799999999999,1231.22,850564731,4.51,4.18,11.06
2003-02-15,S&P 500,2484.45,2481.0899999999997,2504.7,2451.0199999999995,944366139,1.41,2.12,11.76
2003-02-16,NASDAQ,4683.07,4669.24,4692.99,4621.2,155343923,8.49,5.22,14.78
2003-02-17,NASDAQ,3337.8,3298.6400000000003,3385.88,3265.13,435683187,2.79,6.49,2.09
2003-02-18,NASDAQ,3153.33,3190.92,3216.4900000000002,3144.5699999999997,581804076,2.59,3.15,10.24
2003-02-19,NASDAQ,2075.41,2103.73,2140.43,2051.72,89353774,-4.07,7.15,11.61
2003-02-20,S&P 500,2473.8,2440.61,2494.3500000000004,2408.19,9653210,8.83,9.75,13.93
2003-02-21,Dow Jones,4581.38,4582.61,4600.37,4579.97,975646265,-2.34,8.97,13.49
2003-02-22,NASDAQ,3665.85,3664.5899999999997,3686.21,3663.8399999999997,564274891,2.93,2.92,12.95
2003-02-23,S&P 500,4149.55,4162.06,4182.52,4143.08,287267276,7.05,3.27,14.3
2003-02-24,NASDAQ,2817.38,2862.0,2889.21,2804.8,119723911,-1.77,3.72,8.99
2003-02-25,NASDAQ,3520.99,3528.97,3556.14,3499.5099999999998,637604879,2.91,3.95,2.09
2003-02-26,S&P 500,1993.53,1997.55,2022.4099999999999,1969.16,271530172,-1.39,1.0,2.14
2003-02-27,Dow Jones,3821.84,3776.8700000000003,3828.58,3769.9700000000003,598919644,6.4,7.62,9.08
2003-02-28,Dow Jones,2710.41,2666.7,2735.21,2633.0299999999997,377051874,3.47,3.65,7.66
2003-03-01,S&P 500,2770.18,2738.91,2778.64,2709.1,415031931,7.84,8.8,7.87
2003-03-02,Dow Jones,3597.29,3550.54,3603.6,3535.82,771154396,8.42,9.27,7.21
2003-03-03,S&P 500,4745.12,4769.46,4816.09,4744.44,513519198,4.73,0.24,13.93
2003-03-04,S&P 500,1256.03,1278.36,1308.61,1252.1499999999999,605856652,5.88,9.89,6.67
2003-03-05,S&P 500,4298.97,4262.58,4331.9400000000005,4243.0,596865675,3.24,7.1,13.13
2003-03-06,Dow Jones,2169.53,2203.1400000000003,2223.2300000000005,2161.8300000000004,833190194,0.77,5.2,13.74
2003-03-07,S&P 500,2775.68,2741.16,2821.1299999999997,2722.3199999999997,921713532,4.72,3.9,8.49
2003-03-08,NASDAQ,1087.65,1067.77,1119.5500000000002,1036.36,325124417,8.62,5.19,7.81
2003-03-09,Dow Jones,2204.18,2179.08,2242.64,2151.72,70254560,1.25,3.25,11.89
2003-03-10,Dow Jones,3010.52,2997.75,3028.95,2986.19,244105735,-0.28,6.23,11.2
2003-03-11,Dow Jones,1224.7,1200.17,1272.7,1182.98,356467453,0.83,0.93,6.27
2003-03-12,Dow Jones,2964.38,2963.28,3005.4,2932.5800000000004,358314024,1.53,6.21,3.33
2003-03-13,NASDAQ,4708.44,4699.179999999999,4751.139999999999,4656.139999999999,115546552,-3.9,2.75,5.44
2003-03-14,Dow Jones,1421.57,1470.23,1478.84,1383.9099999999999,194994042,2.48,0.18,3.7
2003-03-15,Dow Jones,4057.76,4013.3500000000004,4071.3100000000004,3985.6800000000003,670794599,2.41,5.53,5.83
2003-03-16,S&P 500,2638.68,2602.8999999999996,2652.96,2584.7899999999995,659237940,3.83,5.78,5.4
2003-03-17,Dow Jones,3620.69,3575.9700000000003,3634.2400000000002,3557.7200000000003,515711728,0.44,4.27,10.29
2003-03-18,NASDAQ,2040.95,2053.53,2096.3,1996.98,276210216,4.2,0.72,14.41
2003-03-19,NASDAQ,1637.97,1593.42,1639.56,1591.46,556221791,8.17,8.93,10.91
2003-03-20,NASDAQ,1641.85,1675.49,1679.29,1592.4499999999998,826189157,9.33,6.11,14.05
2003-03-21,NASDAQ,1281.97,1283.16,1296.8600000000001,1248.75,126426523,3.75,1.16,12.19
2003-03-22,Dow Jones,1742.59,1745.29,1755.28,1708.53,718629134,-4.36,5.11,11.46
2003-03-23,Dow Jones,3656.88,3663.04,3674.63,3654.98,820257558,9.54,4.97,7.38
2003-03-24,NASDAQ,4526.76,4493.84,4566.66,4463.56,321137047,5.59,0.6,6.22
2003-03-25,NASDAQ,4256.5,4226.27,4284.66,4202.030000000001,834309324,0.04,6.07,13.0
2003-03-26,Dow Jones,3740.54,3722.42,3740.83,3717.13,281273492,-2.79,8.08,13.77
2003-03-27,NASDAQ,1441.73,1451.08,1472.55,1427.83,441805045,-2.85,7.49,7.87
2003-03-28,S&P 500,2156.75,2127.76,2177.14,2083.2400000000002,56665995,-2.48,2.03,2.12
2003-03-29,NASDAQ,2239.23,2200.86,2244.93,2173.36,793572031,-4.32,8.62,12.3
2003-03-30,NASDAQ,1999.83,2046.84,2080.65,1979.1599999999999,100658278,8.53,3.43,5.71
2003-03-31,S&P 500,3060.02,3012.22,3095.12,3008.5899999999997,489322582,3.11,9.47,2.13
2003-04-01,S&P 500,3142.22,3172.49,3208.5299999999997,3106.5099999999998,683841841,5.5,0.72,12.46
2003-04-02,Dow Jones,2427.54,2456.34,2492.76,2392.4,275099565,7.42,4.86,8.73
2003-04-03,Dow Jones,2415.16,2394.8799999999997,2415.16,2364.18,856741034,6.87,5.97,10.91
2003-04-04,S&P 500,4314.22,4277.780000000001,4361.92,4252.27,596812493,8.24,2.48,13.89
2003-04-05,S&P 500,4157.17,4121.7300000000005,4197.88,4100.040000000001,8875728,9.51,7.71,9.04
2003-04-06,Dow Jones,2231.18,2250.9199999999996,2296.1199999999994,2201.52,139447639,1.59,6.27,8.54
2003-04-07,NASDAQ,4655.15,4669.429999999999,4670.209999999999,4643.48,76559156,9.26,0.18,5.78
2003-04-08,S&P 500,4811.26,4839.530000000001,4886.22,4764.2,80072697,5.85,6.08,5.97
2003-04-09,Dow Jones,2306.97,2350.72,2391.2099999999996,2277.5299999999997,78359806,-3.94,4.91,12.36
2003-04-10,NASDAQ,2417.7,2436.89,2478.75,2402.14,35092321,5.23,1.96,7.84
2003-04-11,S&P 500,3022.54,2988.13,3027.2,2965.65,539568370,5.3,9.96,4.13
2003-04-12,NASDAQ,4764.48,4738.82,4801.419999999999,4698.54,507201199,8.59,8.97,3.23
2003-04-13,Dow Jones,4505.28,4539.5,4587.5,4497.2,568957717,0.59,2.93,8.15
2003-04-14,S&P 500,1410.27,1381.2,1444.2,1366.56,159871177,3.77,5.41,8.04
2003-04-15,NASDAQ,2570.92,2528.17,2599.4500000000003,2494.19,861890997,-4.82,3.17,10.49
2003-04-16,S&P 500,3213.48,3233.81,3281.09,3197.71,362908423,-0.02,7.75,8.12
2003-04-17,NASDAQ,3012.53,3002.78,3034.6800000000003,2963.15,930765780,-4.07,9.3,3.87
2003-04-18,Dow Jones,1775.45,1817.45,1847.41,1768.93,564712420,2.83,3.59,8.6
2003-04-19,Dow Jones,4435.27,4450.3,4474.12,4397.14,494535065,7.26,8.06,13.79
2003-04-20,S&P 500,3707.76,3666.8,3754.4,3663.38,604964940,-1.9,4.98,4.07
2003-04-21,NASDAQ,4351.63,4396.42,4400.22,4351.0,311798927,2.91,3.97,10.97
2003-04-22,S&P 500,4435.06,4410.92,4460.120000000001,4366.01,705379165,-1.94,9.38,9.72
2003-04-23,S&P 500,3993.42,3977.14,4027.77,3948.0699999999997,199767262,-3.19,5.1,11.73
2003-04-24,NASDAQ,2756.84,2747.07,2796.44,2729.48,210705348,2.66,4.67,3.96
2003-04-25,NASDAQ,3442.19,3397.31,3471.34,3385.68,939185119,-3.81,6.72,14.24
2003-04-26,NASDAQ,1641.46,1641.1100000000001,1686.91,1610.2700000000002,862948687,3.81,2.61,10.07
2003-04-27,Dow Jones,3694.58,3656.91,3741.68,3631.46,183150126,-4.53,3.25,13.01
2003-04-28,S&P 500,1717.01,1707.11,1720.23,1657.53,496597256,-3.4,9.32,5.21
2003-04-29,S&P 500,3775.8,3760.8700000000003,3795.92,3711.7100000000005,521170645,3.25,6.79,11.61
2003-04-30,Dow Jones,1918.39,1945.67,1946.8400000000001,1886.64,415007231,3.87,8.27,12.15
2003-05-01,NASDAQ,1470.21,1500.53,1517.0,1448.07,849251894,-4.57,2.71,7.17
2003-05-02,Dow Jones,1661.14,1626.48,1687.98,1601.92,641332203,3.6,5.44,6.99
2003-05-03,Dow Jones,1007.97,994.63,1053.51,960.51,970776935,7.58,9.71,10.55
2003-05-04,Dow Jones,3874.96,3862.3,3917.29,3857.2200000000003,959385132,5.83,3.19,3.21
2003-05-05,S&P 500,3929.6,3894.74,3935.97,3878.3199999999997,370851684,-3.03,1.6,11.56
2003-05-06,Dow Jones,3059.73,3089.58,3094.23,3055.97,125989773,3.89,5.11,2.56
2003-05-07,S&P 500,1645.45,1666.17,1695.63,1641.78,765815631,5.08,3.88,4.48
2003-05-08,S&P 500,1334.22,1303.26,1360.83,1293.47,100212330,-4.44,1.6,10.63
2003-05-09,S&P 500,1076.52,1063.19,1089.84,1038.93,793612307,7.83,8.89,3.28
2003-05-10,NASDAQ,1662.99,1623.57,1707.96,1584.33,71920510,8.59,9.91,14.63
2003-05-11,S&P 500,4563.42,4576.24,4622.61,4539.15,933675051,7.76,5.69,13.29
2003-05-12,S&P 500,1966.15,1928.2900000000002,1986.2800000000002,1911.5200000000002,829892331,7.37,7.75,10.14
2003-05-13,NASDAQ,2417.09,2465.6800000000003,2510.2000000000003,2412.9700000000003,394742041,6.17,8.59,12.65
2003-05-14,S&P 500,1421.38,1449.45,1468.65,1393.8700000000001,225814728,4.5,7.01,13.54
2003-05-15,Dow Jones,1889.45,1878.47,1926.29,1864.91,168524672,5.18,0.44,5.37
2003-05-16,Dow Jones,3076.9,3084.76,3108.5600000000004,3046.15,345521771,7.1,1.58,13.04
2003-05-17,S&P 500,3431.01,3472.1400000000003,3478.2700000000004,3382.15,95434835,4.94,0.71,4.53
2003-05-18,NASDAQ,1981.41,1986.8200000000002,2033.2200000000003,1975.8400000000001,154036780,-0.08,0.1,7.37
2003-05-19,Dow Jones,1230.93,1198.38,1253.63,1187.7700000000002,589853701,0.64,3.06,9.26
2003-05-20,NASDAQ,2564.13,2552.0,2600.85,2528.35,666260777,8.46,3.92,11.28
2003-05-21,NASDAQ,1936.81,1971.12,1989.4799999999998,1888.3799999999999,166253065,-4.74,2.41,2.39
2003-05-22,Dow Jones,1878.22,1892.64,1893.5800000000002,1839.63,732215727,5.48,0.65,5.78
2003-05-23,NASDAQ,4839.45,4854.5199999999995,4859.549999999999,4794.54,627589562,9.32,5.3,9.91
2003-05-24,Dow Jones,3465.2,3501.8799999999997,3526.6899999999996,3448.5099999999998,871241184,5.59,2.73,6.65
2003-05-25,NASDAQ,3227.51,3266.9100000000003,3301.4100000000003,3177.9100000000003,228795791,9.91,7.96,12.08
2003-05-26,Dow Jones,2663.1,2705.08,2721.8199999999997,2657.96,723854755,5.31,0.08,10.47
2003-05-27,S&P 500,2715.78,2675.26,2750.55,2672.61,639755589,-4.48,8.43,5.05
2003-05-28,Dow Jones,3163.62,3168.0299999999997,3202.9599999999996,3120.8399999999997,466057874,7.41,9.55,3.9
2003-05-29,Dow Jones,3785.72,3809.77,3844.97,3739.3599999999997,603137118,-0.73,7.16,10.18
2003-05-30,Dow Jones,3808.58,3834.27,3858.9,3804.0499999999997,855888769,1.69,7.34,7.86
2003-05-31,Dow Jones,1686.78,1697.45,1743.19,1681.11,540716841,-0.32,9.34,4.2
2003-06-01,NASDAQ,3000.45,2967.1299999999997,3024.91,2965.47,540677211,-0.97,2.09,6.24
2003-06-02,S&P 500,2647.83,2677.5699999999997,2700.08,2642.6,899447611,1.47,9.95,5.94
2003-06-03,Dow Jones,4482.11,4504.12,4514.09,4471.639999999999,467275139,0.68,7.73,3.41
2003-06-04,NASDAQ,3525.68,3484.29,3541.06,3435.79,544512316,4.5,7.27,9.11
2003-06-05,S&P 500,3130.02,3126.4,3132.14,3093.01,180241408,7.2,3.61,11.93
2003-06-06,S&P 500,1461.58,1428.98,1493.26,1390.05,350097198,-0.54,5.46,9.48
2003-06-07,S&P 500,3422.55,3406.3,3434.98,3367.4900000000002,734385193,-1.79,6.54,12.74
2003-06-08,S&P 500,1468.82,1420.6299999999999,1484.03,1393.8799999999999,560933297,5.0,6.2,3.66
2003-06-09,Dow Jones,2348.83,2338.86,2387.37,2298.9900000000002,158659599,5.05,7.05,7.66
2003-06-10,Dow Jones,1571.37,1576.36,1592.7199999999998,1541.58,222192108,8.52,0.82,9.92
2003-06-11,NASDAQ,3768.29,3780.25,3792.36,3752.56,798036857,-4.76,3.56,10.79
2003-06-12,NASDAQ,1825.01,1841.36,1849.81,1796.95,236977902,7.8,4.34,11.05
2003-06-13,NASDAQ,2567.44,2601.07,2639.81,2540.76,65609985,2.82,2.61,11.48
2003-06-14,S&P 500,4582.7,4554.25,4589.19,4513.08,128610035,4.32,1.73,10.47
2003-06-15,S&P 500,1817.27,1779.32,1839.96,1730.23,667261411,-3.63,1.39,3.22
2003-06-16,Dow Jones,3031.22,3066.37,3091.72,3010.6699999999996,502801344,1.49,3.66,11.04
2003-06-17,S&P 500,2677.09,2642.75,2711.46,2604.58,527221606,-1.59,4.93,11.42
2003-06-18,S&P 500,1072.5,1119.98,1151.64,1067.51,664487702,-1.19,0.63,14.92
2003-06-19,S&P 500,4171.03,4205.28,4245.82,4132.19,107118105,2.56,9.46,11.01
2003-06-20,NASDAQ,1276.18,1276.27,1278.51,1257.6100000000001,181174538,7.19,7.65,10.93
2003-06-21,NASDAQ,2897.02,2945.16,2959.98,2895.05,96564537,6.16,7.31,8.69
2003-06-22,Dow Jones,3242.71,3202.45,3256.7200000000003,3184.29,785916329,3.86,1.73,13.28
2003-06-23,S&P 500,3513.71,3494.02,3521.01,3463.49,931777856,3.09,6.04,14.96
2003-06-24,S&P 500,3754.53,3768.3500000000004,3782.8100000000004,3748.57,247744138,1.41,5.3,12.13
2003-06-25,Dow Jones,2013.09,1998.09,2028.58,1951.8899999999999,474446743,9.59,9.82,9.96
2003-06-26,S&P 500,1039.92,1082.76,1108.85,1036.04,256100617,3.4,7.48,3.03
2003-06-27,S&P 500,3893.77,3850.33,3926.96,3803.83,170134221,-1.19,5.76,11.45
2003-06-28,NASDAQ,3142.63,3147.57,3166.63,3107.27,785829133,-1.55,8.51,11.21
2003-06-29,Dow Jones,4344.47,4353.56,4389.530000000001,4327.9800000000005,722994950,4.17,1.55,12.08
2003-06-30,Dow Jones,4285.55,4300.820000000001,4317.630000000001,4266.01,240908758,2.84,0.15,3.62
2003-07-01,Dow Jones,4373.3,4348.87,4387.81,4311.83,410939114,-4.88,6.9,10.5
2003-07-02,Dow Jones,2940.38,2926.84,2967.44,2896.77,209853397,7.45,0.98,5.84
2003-07-03,NASDAQ,2334.51,2368.88,2370.07,2300.9300000000003,49410427,5.56,1.15,11.88
2003-07-04,NASDAQ,4166.23,4135.719999999999,4170.219999999999,4116.259999999999,755315491,4.93,7.45,5.12
2003-07-05,S&P 500,2805.18,2837.87,2858.77,2780.79,878167002,-3.97,2.71,10.89
2003-07-06,S&P 500,1733.77,1740.04,1787.19,1684.28,159231479,0.43,6.29,5.83
2003-07-07,S&P 500,4419.9,4446.12,4482.2,4409.2,522554817,9.03,9.17,2.12
2003-07-08,S&P 500,4530.24,4551.599999999999,4556.009999999999,4509.349999999999,893788646,7.94,3.16,10.23
2003-07-09,NASDAQ,2865.24,2835.99,2907.56,2821.3999999999996,342021362,-0.72,2.17,3.47
2003-07-10,Dow Jones,1302.8,1309.68,1346.3,1264.54,678749613,-2.64,1.07,10.57
2003-07-11,NASDAQ,2551.3,2588.07,2618.6200000000003,2513.1000000000004,820446546,1.74,1.3,14.03
2003-07-12,S&P 500,4214.15,4207.36,4255.16,4192.74,611486333,0.34,0.62,14.6
2003-07-13,NASDAQ,4607.1,4653.76,4673.97,4603.030000000001,246585222,5.23,0.88,5.07
2003-07-14,Dow Jones,1813.89,1809.1100000000001,1824.97,1808.5400000000002,405330187,9.5,4.32,12.52
2003-07-15,Dow Jones,1267.89,1232.17,1293.49,1210.8000000000002,677431810,0.45,3.21,6.6
2003-07-16,NASDAQ,4509.4,4498.339999999999,4536.839999999999,4477.819999999999,245260798,-4.07,7.07,13.71
2003-07-17,NASDAQ,2557.62,2602.79,2629.71,2508.2,828827054,8.46,8.7,12.24
2003-07-18,NASDAQ,3167.04,3149.0099999999998,3195.29,3125.52,536993476,-4.43,7.85,2.96
2003-07-19,S&P 500,4872.26,4909.070000000001,4956.51,4859.4400000000005,226502791,9.29,5.31,7.29
2003-07-20,NASDAQ,1266.26,1304.39,1349.5,1221.7,84187277,4.97,1.02,6.39
2003-07-21,NASDAQ,3593.27,3578.29,3637.06,3553.74,566951676,9.13,7.1,12.21
2003-07-22,NASDAQ,1296.42,1254.75,1336.49,1224.79,147180451,-2.01,3.63,7.33
2003-07-23,Dow Jones,2501.88,2524.34,2571.51,2497.1,572088966,-4.39,0.86,10.9
2003-07-24,Dow Jones,4215.26,4196.41,4220.18,4177.26,533588806,2.32,8.42,9.83
2003-07-25,S&P 500,2733.89,2762.18,2775.44,2686.68,875664241,1.76,3.38,14.68
2003-07-26,S&P 500,4988.73,4983.0,5013.48,4953.52,739105901,-0.03,2.18,14.19
2003-07-27,Dow Jones,3236.24,3234.77,3278.5699999999997,3217.54,619466527,9.36,8.71,7.56
2003-07-28,Dow Jones,2284.65,2312.44,2337.7000000000003,2253.37,743735175,7.34,9.02,11.41
2003-07-29,Dow Jones,1880.45,1868.69,1917.8500000000001,1823.17,314045579,4.92,3.39,12.78
2003-07-30,NASDAQ,2402.08,2396.39,2409.0299999999997,2382.69,52578953,-2.56,3.55,13.69
2003-07-31,NASDAQ,2490.13,2477.75,2502.75,2452.49,363286590,6.01,5.8,2.89
2003-08-01,Dow Jones,1274.85,1261.58,1311.4399999999998,1213.6499999999999,176749261,5.91,7.33,5.93
2003-08-02,NASDAQ,2478.3,2480.8900000000003,2489.13,2469.6800000000003,514701448,1.38,0.63,6.16
2003-08-03,NASDAQ,2856.95,2887.83,2905.4,2820.97,317395621,8.87,5.93,7.65
2003-08-04,S&P 500,3890.95,3877.1299999999997,3904.1899999999996,3846.41,441313437,-2.5,9.53,4.2
2003-08-05,Dow Jones,3626.92,3629.35,3646.8399999999997,3592.94,706271364,-0.99,2.62,8.45
2003-08-06,Dow Jones,3835.06,3852.13,3887.55,3817.5,725081728,-4.05,9.09,10.62
2003-08-07,NASDAQ,1033.45,1010.3900000000001,1051.8400000000001,994.7,26792704,6.93,9.5,8.47
2003-08-08,Dow Jones,1870.67,1848.42,1898.43,1814.21,594984440,4.33,2.69,10.66
2003-08-09,S&P 500,3646.74,3690.08,3695.08,3635.9599999999996,188696189,-0.28,7.54,2.86
2003-08-10,S&P 500,2935.96,2958.31,2998.56,2914.98,22970451,-2.54,2.39,13.39
2003-08-11,S&P 500,1021.25,1028.97,1047.46,1011.84,952991536,-4.4,7.38,14.21
2003-08-12,Dow Jones,4217.98,4232.75,4265.18,4217.5599999999995,641515786,-2.5,7.97,10.03
2003-08-13,Dow Jones,4091.24,4044.1699999999996,4127.51,3995.6699999999996,82193369,1.8,2.47,13.46
2003-08-14,Dow Jones,3193.68,3205.49,3215.97,3172.0899999999997,248656747,-1.29,7.16,3.71
2003-08-15,Dow Jones,1265.85,1266.8,1311.03,1217.3799999999999,241643266,-1.12,8.12,12.37
2003-08-16,Dow Jones,4066.06,4070.63,4101.4400000000005,4059.04,930767877,8.13,3.59,3.55
2003-08-17,S&P 500,3334.85,3320.79,3356.29,3291.42,682429565,2.73,1.68,7.3
2003-08-18,NASDAQ,4127.84,4085.9900000000002,4136.96,4075.94,584901802,5.94,0.92,6.21
2003-08-19,S&P 500,4006.99,3976.3199999999997,4054.1099999999997,3936.8199999999997,226878652,-4.46,5.75,9.61
2003-08-20,Dow Jones,4212.01,4257.08,4294.83,4172.820000000001,138873708,0.48,9.78,5.92
2003-08-21,S&P 500,3072.03,3062.9,3082.4300000000003,3057.27,217863498,2.19,8.23,10.29
2003-08-22,Dow Jones,1561.3,1557.97,1578.19,1512.3700000000001,141981703,-2.2,4.36,6.78
2003-08-23,Dow Jones,3684.63,3639.9,3725.11,3630.17,247074332,-3.2,5.37,13.19
2003-08-24,S&P 500,3481.9,3435.6600000000003,3516.6800000000003,3405.01,537111305,8.05,2.8,10.24
2003-08-25,Dow Jones,3969.01,3990.73,4029.02,3919.73,145321185,9.09,1.63,4.8
2003-08-26,NASDAQ,1679.52,1683.33,1705.3899999999999,1635.4,577801069,-3.82,4.82,6.37
2003-08-27,Dow Jones,1779.9,1780.77,1816.59,1732.0700000000002,810252860,0.24,4.64,13.02
2003-08-28,NASDAQ,4561.64,4535.950000000001,4580.96,4518.820000000001,785389743,9.37,5.22,7.02
2003-08-29,NASDAQ,3999.91,4024.39,4034.95,3994.6299999999997,285561744,-3.75,9.53,8.97
2003-08-30,Dow Jones,4632.91,4599.73,4664.54,4590.3099999999995,621714015,4.65,6.04,10.44
2003-08-31,S&P 500,4034.86,4003.85,4083.6600000000003,3978.83,890087946,9.58,6.06,6.52
2003-09-01,NASDAQ,3388.62,3384.69,3404.15,3345.03,817028769,9.67,1.28,5.82
2003-09-02,S&P 500,3616.53,3595.1600000000003,3639.5800000000004,3587.65,185948695,2.07,9.96,8.18
2003-09-03,NASDAQ,4556.51,4531.26,4590.21,4498.27,402340150,-2.56,7.73,4.79
2003-09-04,Dow Jones,3315.23,3329.75,3356.83,3299.05,637988164,-1.97,8.77,5.69
2003-09-05,Dow Jones,3529.57,3544.67,3586.84,3512.51,488447742,8.34,4.14,2.81
2003-09-06,NASDAQ,1625.91,1658.3600000000001,1696.45,1592.8100000000002,999129180,8.68,5.02,5.95
2003-09-07,Dow Jones,2895.68,2887.45,2898.5899999999997,2864.1,411969135,4.12,5.22,6.17
2003-09-08,NASDAQ,3865.59,3822.9,3915.51,3782.3,411322927,6.49,1.94,14.5
2003-09-09,Dow Jones,2083.77,2061.14,2121.39,2053.3399999999997,450115385,6.1,6.89,9.67
2003-09-10,S&P 500,1809.02,1857.02,1900.22,1769.52,525502241,4.93,9.03,12.24
2003-09-11,Dow Jones,2255.31,2264.94,2297.5,2252.1,5777231,7.41,1.64,2.59
2003-09-12,S&P 500,1966.0,1986.97,2029.78,1956.3,472292568,5.28,0.86,3.38
2003-09-13,Dow Jones,1859.65,1810.39,1865.27,1777.5800000000002,711888932,3.01,7.38,12.59
2003-09-14,S&P 500,2699.4,2701.2200000000003,2718.61,2656.65,105571207,-1.45,2.73,10.11
2003-09-15,Dow Jones,4631.35,4585.1,4675.17,4572.47,441279836,6.16,6.24,4.48
2003-09-16,S&P 500,3028.24,3035.16,3045.24,3011.8799999999997,853858035,2.1,6.96,7.26
2003-09-17,NASDAQ,1751.68,1793.76,1797.67,1724.8200000000002,343879021,-0.58,3.22,9.0
2003-09-18,NASDAQ,1307.89,1354.73,1394.14,1297.3100000000002,657487064,7.03,8.15,12.97
2003-09-19,S&P 500,3784.62,3788.68,3830.45,3744.06,88386857,5.45,5.5,2.79
2003-09-20,Dow Jones,2531.2,2527.02,2539.33,2488.34,464965206,9.06,8.69,9.76
2003-09-21,S&P 500,4287.32,4331.82,4374.54,4280.0599999999995,777211361,-2.52,7.63,11.32
2003-09-22,Dow Jones,3638.04,3655.4,3689.7400000000002,3614.85,150799874,4.74,8.69,14.71
2003-09-23,NASDAQ,4184.97,4141.46,4210.97,4102.72,784521373,-1.34,0.2,12.49
2003-09-24,Dow Jones,2087.78,2084.3500000000004,2129.2900000000004,2067.4800000000005,239343537,8.55,2.44,5.59
2003-09-25,NASDAQ,3769.44,3743.46,3790.4,3711.8,943015732,-3.51,0.9,11.22
2003-09-26,Dow Jones,2056.25,2053.23,2065.95,2050.72,459080033,4.84,4.42,11.92
2003-09-27,Dow Jones,4756.27,4751.820000000001,4770.51,4721.39,539498207,6.87,8.9,11.49
2003-09-28,Dow Jones,3545.5,3553.71,3578.9700000000003,3537.87,920880052,0.32,4.68,12.66
2003-09-29,S&P 500,2298.05,2283.73,2324.6200000000003,2242.2,690590556,9.31,8.5,13.75
2003-09-30,S&P 500,2078.05,2044.4800000000002,2118.3300000000004,2026.7100000000003,315763784,7.76,3.27,3.28
2003-10-01,NASDAQ,1763.71,1764.08,1803.6499999999999,1749.63,760078337,-0.58,3.4,3.36
2003-10-02,NASDAQ,3778.56,3811.58,3840.65,3736.52,649690360,-4.89,8.96,12.35
2003-10-03,S&P 500,1874.86,1891.26,1930.3,1872.35,178959718,-0.55,4.26,5.28
2003-10-04,NASDAQ,3381.21,3365.05,3390.8,3345.2200000000003,264893638,-0.78,7.9,2.76
2003-10-05,S&P 500,2058.54,2102.09,2104.59,2040.04,80310445,8.35,2.37,7.22
2003-10-06,Dow Jones,3647.88,3689.1,3732.7799999999997,3633.6400000000003,216754308,9.51,9.49,12.66
2003-10-07,NASDAQ,4259.76,4230.6900000000005,4263.54,4185.1,267180743,-3.94,5.75,3.65
2003-10-08,NASDAQ,4112.1,4066.0400000000004,4124.43,4028.4900000000002,100778655,2.07,7.59,10.73
2003-10-09,S&P 500,4043.41,4067.54,4102.31,4040.21,594050742,3.22,0.9,2.05
2003-10-10,NASDAQ,1750.89,1783.65,1804.1200000000001,1715.16,809090997,-3.61,4.93,3.43
2003-10-11,NASDAQ,1353.54,1400.33,1444.1499999999999,1327.18,511546193,0.66,9.01,6.56
2003-10-12,Dow Jones,3795.8,3834.78,3849.6800000000003,3750.76,442732965,-0.24,8.77,3.09
2003-10-13,NASDAQ,2473.39,2483.44,2484.03,2457.74,461725101,3.04,0.47,13.0
2003-10-14,Dow Jones,2729.38,2732.3900000000003,2747.4200000000005,2700.67,777420177,4.92,3.04,13.23
2003-10-15,S&P 500,1124.6,1077.3799999999999,1153.5,1052.34,606807792,5.55,4.43,11.82
2003-10-16,NASDAQ,2038.31,2012.98,2057.11,1988.5,376443304,-2.95,1.72,5.15
2003-10-17,Dow Jones,1134.71,1130.67,1161.45,1107.8600000000001,403331372,7.19,7.3,8.8
2003-10-18,S&P 500,4516.74,4529.59,4573.42,4506.46,670659919,5.18,1.85,4.39
2003-10-19,NASDAQ,1973.59,1979.32,2024.9399999999998,1935.8,241112916,8.34,3.47,5.66
2003-10-20,S&P 500,3229.35,3253.61,3266.9100000000003,3206.7799999999997,753680073,1.74,6.63,8.71
2003-10-21,NASDAQ,1155.92,1133.9,1179.03,1085.97,763060649,8.41,4.82,11.56
2003-10-22,S&P 500,3667.39,3673.89,3701.35,3654.35,488042091,7.99,7.39,3.23
2003-10-23,S&P 500,2292.11,2250.92,2339.57,2216.78,452976314,1.58,9.61,5.86
2003-10-24,Dow Jones,4591.68,4583.05,4641.610000000001,4536.01,790101703,0.72,1.17,14.05
2003-10-25,S&P 500,4552.47,4577.490000000001,4589.260000000001,4519.3,733128622,8.99,7.1,7.58
2003-10-26,NASDAQ,2301.16,2320.5,2356.85,2257.6,891345844,5.73,2.3,14.21
2003-10-27,NASDAQ,4603.84,4652.900000000001,4671.8,4562.47,653846205,8.92,4.14,14.89
2003-10-28,Dow Jones,4984.63,4962.42,4985.04,4944.41,219803638,6.95,0.33,8.85
2003-10-29,NASDAQ,4301.66,4301.48,4302.12,4271.469999999999,868915538,4.14,1.36,5.74
2003-10-30,NASDAQ,4379.49,4362.44,4402.5199999999995,4354.629999999999,454474286,-3.26,3.2,12.28
2003-10-31,NASDAQ,1996.03,1990.09,2020.45,1963.31,396603519,-0.63,3.42,4.07
2003-11-01,S&P 500,3306.81,3342.5099999999998,3343.64,3295.29,402519335,9.53,9.0,5.28
2003-11-02,S&P 500,1269.02,1287.44,1321.79,1231.83,687533768,-0.21,7.42,12.2
2003-11-03,NASDAQ,1379.67,1417.91,1432.6100000000001,1353.27,853776093,-3.6,9.72,7.64
2003-11-04,Dow Jones,4995.57,4965.92,5023.5599999999995,4945.36,116117648,5.61,5.99,4.62
2003-11-05,S&P 500,2306.56,2343.9,2358.9500000000003,2293.12,527615271,6.01,2.42,10.46
2003-11-06,Dow Jones,3992.74,3948.72,4001.1,3898.79,160807915,-0.72,3.28,11.53
2003-11-07,NASDAQ,4226.66,4265.5199999999995,4285.879999999999,4223.07,221754362,-0.53,3.2,3.63
2003-11-08,NASDAQ,4432.09,4415.0,4443.7,4412.82,816273870,2.03,3.26,5.6
2003-11-09,S&P 500,4990.51,4971.97,5017.25,4961.110000000001,685023747,-4.67,6.73,4.88
2003-11-10,NASDAQ,1965.99,1967.2,1977.14,1917.44,95026053,6.84,5.31,6.94
2003-11-11,S&P 500,1161.4,1205.47,1230.89,1112.44,605813951,-0.24,3.85,11.92
2003-11-12,NASDAQ,2644.77,2599.55,2652.64,2566.8,72530109,7.81,1.49,11.28
2003-11-13,NASDAQ,1520.32,1505.54,1553.87,1461.53,331689340,7.04,0.22,10.61
2003-11-14,S&P 500,1089.7,1125.3600000000001,1163.0600000000002,1079.0,472138383,4.92,2.19,2.08
2003-11-15,S&P 500,2441.71,2431.32,2447.23,2382.7200000000003,50330649,-0.13,1.07,3.85
2003-11-16,S&P 500,4134.95,4104.87,4158.34,4097.73,961983416,2.74,7.85,4.9
2003-11-17,NASDAQ,3264.72,3257.2,3268.2599999999998,3252.14,108482006,1.67,1.12,5.54
2003-11-18,NASDAQ,2251.11,2239.67,2281.02,2234.06,107821964,0.08,7.24,3.9
2003-11-19,Dow Jones,3617.37,3658.91,3672.1299999999997,3588.71,304414446,7.72,3.86,7.33
2003-11-20,S&P 500,1928.07,1954.26,1980.64,1889.02,763842768,2.25,0.73,2.98
2003-11-21,NASDAQ,1057.53,1058.04,1083.9099999999999,1039.2,577360888,7.49,8.13,11.75
2003-11-22,NASDAQ,4057.41,4106.25,4152.47,4008.52,166068925,-3.42,5.8,12.24
2003-11-23,S&P 500,3494.97,3491.5,3522.4199999999996,3469.78,75684085,-2.88,2.36,9.47
2003-11-24,Dow Jones,4049.21,4005.03,4078.36,3997.51,294036250,9.66,8.95,3.17
2003-11-25,S&P 500,1155.75,1131.98,1175.83,1108.68,667502067,3.82,0.45,13.57
2003-11-26,Dow Jones,4348.48,4342.089999999999,4395.929999999999,4308.139999999999,638481237,2.65,2.02,14.55
2003-11-27,NASDAQ,3478.1,3443.79,3516.96,3402.18,757891108,2.85,7.52,4.63
2003-11-28,Dow Jones,3253.58,3298.34,3312.61,3230.64,979649682,-1.77,7.09,11.16
2003-11-29,NASDAQ,3498.46,3525.14,3567.35,3468.78,444044774,5.78,2.89,12.95
2003-11-30,S&P 500,4457.73,4434.5599999999995,4479.349999999999,4421.19,33471010,-3.73,0.62,9.02
2003-12-01,S&P 500,3347.75,3356.83,3398.2599999999998,3315.45,897483468,3.6,8.58,6.2
2003-12-02,S&P 500,3323.8,3345.94,3387.08,3274.5,225488269,3.56,3.14,8.22
2003-12-03,Dow Jones,4962.72,5006.85,5016.29,4960.27,995462703,8.71,1.96,8.66
2003-12-04,NASDAQ,4026.92,4065.08,4100.14,3982.59,913090718,2.89,5.16,7.21
2003-12-05,S&P 500,2769.18,2770.7,2785.23,2741.0699999999997,857089452,-2.94,9.1,14.09
2003-12-06,S&P 500,3829.59,3857.06,3871.93,3816.9900000000002,281268909,3.59,0.44,11.67
2003-12-07,NASDAQ,2556.92,2563.13,2577.9500000000003,2509.1800000000003,965514867,-3.63,7.66,5.14
2003-12-08,S&P 500,1915.5,1920.77,1957.05,1891.33,470966438,-1.94,5.72,9.61
2003-12-09,NASDAQ,3387.41,3348.8799999999997,3398.8999999999996,3332.2999999999997,161107108,-4.53,4.25,10.95
2003-12-10,NASDAQ,4712.73,4675.339999999999,4712.78,4666.2699999999995,509804749,2.7,7.44,3.82
2003-12-11,NASDAQ,4716.56,4719.51,4755.27,4704.34,835378440,-3.73,9.66,6.66
2003-12-12,NASDAQ,2367.62,2344.5099999999998,2376.18,2302.87,954817033,2.04,2.29,13.77
2003-12-13,NASDAQ,3110.71,3062.81,3115.93,3032.09,687812478,8.99,1.44,9.37
2003-12-14,Dow Jones,1846.54,1868.82,1880.7,1800.8799999999999,62019334,5.8,9.13,4.82
2003-12-15,S&P 500,4982.52,4935.77,5001.52,4924.17,772552027,-3.84,6.69,3.6
2003-12-16,Dow Jones,4924.47,4934.0,4957.8,4918.41,369535533,-1.64,4.38,8.74
2003-12-17,S&P 500,3598.04,3601.96,3604.19,3597.74,980399384,5.1,5.73,9.12
2003-12-18,Dow Jones,4217.66,4264.54,4313.07,4192.2699999999995,344263736,8.42,7.46,6.35
2003-12-19,NASDAQ,3860.4,3858.82,3896.2000000000003,3808.9,66064475,-4.51,7.73,10.2
2003-12-20,S&P 500,3372.63,3328.9900000000002,3388.79,3294.2400000000002,684046401,7.19,9.2,2.89
2003-12-21,S&P 500,1213.39,1218.5600000000002,1234.4900000000002,1197.97,73556414,3.43,4.27,3.89
2003-12-22,Dow Jones,2819.06,2853.17,2875.6,2775.22,987554682,3.19,2.93,9.1
2003-12-23,Dow Jones,3699.15,3748.83,3780.14,3660.06,801939443,9.37,6.4,2.8
2003-12-24,S&P 500,3710.13,3703.1600000000003,3717.4500000000003,3702.3900000000003,468774851,6.21,4.16,13.45
2003-12-25,Dow Jones,2492.49,2474.52,2501.9399999999996,2433.68,901878412,7.75,5.95,3.85
2003-12-26,Dow Jones,4766.77,4807.4400000000005,4850.410000000001,4751.740000000001,627355153,0.31,4.2,10.76
2003-12-27,Dow Jones,1669.43,1638.55,1682.24,1631.07,941460930,3.32,1.53,7.09
2003-12-28,NASDAQ,3001.44,3012.98,3031.9900000000002,2990.12,886734770,4.23,4.69,7.2
2003-12-29,NASDAQ,3763.54,3754.11,3807.1,3730.6800000000003,540626660,-0.18,6.91,11.94
2003-12-30,Dow Jones,3788.54,3742.65,3821.7,3721.4100000000003,557469856,3.55,7.99,8.49
2003-12-31,Dow Jones,3594.56,3579.29,3611.65,3564.85,579582120,-1.45,4.93,11.43
2004-01-01,NASDAQ,2101.15,2077.67,2135.33,2069.06,344784471,-2.85,1.65,8.57
2004-01-02,NASDAQ,1624.83,1643.4399999999998,1644.4199999999998,1586.72,572888327,0.61,4.15,9.71
2004-01-03,S&P 500,3543.76,3588.6400000000003,3625.4200000000005,3494.25,836824674,6.09,7.86,11.89
2004-01-04,S&P 500,3397.21,3374.01,3421.56,3335.1200000000003,583174209,8.74,4.13,9.9
2004-01-05,NASDAQ,1717.42,1748.5700000000002,1789.2300000000002,1702.6200000000001,107729248,1.87,6.97,10.0
2004-01-06,Dow Jones,3820.56,3776.1,3868.29,3763.86,829737355,4.64,5.07,12.26
2004-01-07,Dow Jones,2820.69,2824.5,2870.79,2809.81,601423884,-3.45,2.41,14.34
2004-01-08,Dow Jones,3671.04,3628.1,3716.5,3621.27,164824777,8.57,7.96,6.9
2004-01-09,Dow Jones,4349.47,4392.87,4418.48,4321.900000000001,102617488,3.53,0.84,9.5
2004-01-10,S&P 500,1678.91,1705.5500000000002,1723.5600000000002,1648.64,376068221,6.71,5.25,3.12
2004-01-11,NASDAQ,1076.58,1092.37,1115.62,1041.3,159945066,6.92,2.09,6.66
2004-01-12,Dow Jones,4116.41,4148.8,4183.29,4082.3999999999996,757263620,-1.15,0.67,7.36
2004-01-13,S&P 500,3438.79,3453.54,3497.74,3424.17,254060984,2.94,5.03,12.86
2004-01-14,Dow Jones,3798.56,3845.45,3855.7999999999997,3782.04,884056186,9.41,5.0,8.67
2004-01-15,NASDAQ,4352.62,4374.0199999999995,4419.929999999999,4318.54,879354696,-3.66,7.07,11.5
2004-01-16,S&P 500,4211.24,4253.71,4294.47,4193.7699999999995,487764876,5.25,7.45,2.25
2004-01-17,NASDAQ,4843.68,4845.39,4894.33,4833.05,922049275,9.43,7.28,8.04
2004-01-18,NASDAQ,3143.74,3105.45,3187.75,3086.73,557487742,-0.49,4.1,13.72
2004-01-19,S&P 500,2953.98,2956.8,2970.8,2940.38,655684979,7.92,6.32,4.92
2004-01-20,S&P 500,2607.55,2570.2400000000002,2612.8500000000004,2565.82,747628374,9.0,5.77,2.41
2004-01-21,S&P 500,1614.76,1624.01,1629.62,1573.25,808384605,6.21,4.22,7.63
2004-01-22,S&P 500,3290.43,3288.68,3304.99,3246.02,905897706,-1.53,5.97,11.16
2004-01-23,S&P 500,2108.05,2120.3100000000004,2151.0200000000004,2097.0600000000004,176490550,0.01,9.47,7.91
2004-01-24,S&P 500,4685.23,4636.23,4725.45,4632.99,374399491,-4.46,1.93,7.98
2004-01-25,S&P 500,3332.76,3302.2400000000002,3377.7200000000003,3265.3,968814676,7.47,9.06,10.71
2004-01-26,Dow Jones,3371.36,3370.4900000000002,3402.55,3359.9100000000003,172528490,7.74,0.53,5.31
2004-01-27,NASDAQ,2419.7,2464.75,2465.03,2400.0299999999997,964307720,4.49,3.08,11.77
2004-01-28,S&P 500,1207.96,1196.32,1217.28,1193.11,802801350,0.29,2.88,3.99
2004-01-29,Dow Jones,1126.98,1119.42,1131.97,1108.1100000000001,603755343,-3.85,6.26,7.14
2004-01-30,Dow Jones,2693.34,2714.81,2732.98,2653.69,672732246,6.3,1.31,10.53
2004-01-31,Dow Jones,1338.26,1348.64,1373.71,1298.04,686755833,5.9,8.82,12.77
2004-02-01,NASDAQ,3427.39,3407.2799999999997,3429.56,3396.93,991248022,8.69,8.29,12.29
2004-02-02,S&P 500,4523.89,4514.97,4541.31,4498.17,969747038,5.96,6.52,11.38
2004-02-03,Dow Jones,4531.66,4503.43,4540.62,4496.72,926385848,7.43,4.58,6.67
2004-02-04,NASDAQ,3636.18,3682.7799999999997,3715.1299999999997,3632.47,813646468,6.19,9.33,3.59
2004-02-05,NASDAQ,1844.93,1807.99,1868.14,1758.38,255611077,4.46,8.31,4.82
2004-02-06,NASDAQ,4451.99,4439.17,4476.76,4406.39,503086514,1.4,4.99,13.24
2004-02-07,Dow Jones,4544.37,4496.95,4565.75,4469.849999999999,818540032,8.53,7.02,13.15
2004-02-08,S&P 500,1786.61,1758.79,1834.4099999999999,1720.52,127182202,4.76,5.67,14.37
2004-02-09,Dow Jones,3949.7,3977.75,3988.49,3907.7,604897327,0.98,5.88,2.99
2004-02-10,Dow Jones,2146.08,2116.2,2171.91,2075.8599999999997,287751643,-3.75,3.31,8.98
2004-02-11,S&P 500,4210.56,4168.570000000001,4247.360000000001,4167.740000000001,306702033,-0.64,4.62,10.43
2004-02-12,S&P 500,4988.95,4986.4,5016.79,4977.0599999999995,987964951,3.16,0.78,11.24
2004-02-13,S&P 500,1120.1,1071.1,1166.55,1038.35,248840076,-0.87,3.57,10.37
2004-02-14,NASDAQ,4589.46,4547.94,4608.36,4529.15,163755040,-1.68,6.96,12.01
2004-02-15,S&P 500,3490.52,3521.28,3544.46,3441.4,174076361,2.91,9.53,6.67
2004-02-16,Dow Jones,4893.53,4920.679999999999,4925.11,4860.259999999999,509046598,-2.45,9.63,4.33
2004-02-17,S&P 500,2860.04,2901.55,2932.0,2812.21,336243556,7.01,5.56,4.66
2004-02-18,Dow Jones,4389.55,4425.0,4439.41,4379.4800000000005,563800607,2.27,6.07,2.16
2004-02-19,NASDAQ,1249.58,1267.8999999999999,1275.9199999999998,1206.3799999999999,739682284,3.61,1.86,6.55
2004-02-20,Dow Jones,2341.12,2296.35,2368.35,2280.2799999999997,401189525,-2.79,6.95,3.19
2004-02-21,Dow Jones,1268.07,1296.35,1322.9699999999998,1218.59,949020239,-0.13,0.71,6.18
2004-02-22,S&P 500,4901.37,4935.92,4939.71,4893.49,755989783,1.15,2.85,10.17
2004-02-23,S&P 500,4267.9,4297.8099999999995,4332.719999999999,4242.08,21583027,7.12,6.68,13.63
2004-02-24,Dow Jones,4410.19,4411.04,4442.23,4370.549999999999,422007477,6.55,3.1,12.91
2004-02-25,S&P 500,4751.86,4725.15,4761.3099999999995,4703.5199999999995,547540938,-1.66,0.5,5.28
2004-02-26,NASDAQ,1340.41,1374.94,1398.41,1317.01,6327826,4.24,8.32,3.74
2004-02-27,NASDAQ,2542.39,2565.1099999999997,2601.1299999999997,2493.0699999999997,265854358,-1.35,3.1,4.51
2004-02-28,S&P 500,1284.14,1332.22,1358.69,1262.8700000000001,387948199,9.82,0.63,14.62
2004-02-29,NASDAQ,1843.17,1808.74,1862.94,1778.54,589740236,9.28,0.75,9.14
2004-03-01,S&P 500,1917.46,1890.03,1933.58,1887.3,831156966,3.45,2.52,4.37
2004-03-02,Dow Jones,2876.43,2847.6099999999997,2906.95,2805.4999999999995,670135147,5.48,1.78,12.93
2004-03-03,Dow Jones,2074.25,2103.5,2150.46,2041.84,845912667,7.02,7.74,7.14
2004-03-04,NASDAQ,1403.91,1372.6000000000001,1437.5,1352.4,188198887,5.81,3.22,13.69
2004-03-05,S&P 500,1669.96,1626.63,1673.7,1625.8200000000002,485200207,5.5,8.05,5.39
2004-03-06,S&P 500,1589.1,1638.9599999999998,1661.9899999999998,1559.52,14754929,9.38,1.74,7.11
2004-03-07,NASDAQ,4892.31,4844.79,4936.85,4844.16,73711026,3.95,4.93,8.56
2004-03-08,Dow Jones,4037.17,4070.69,4075.41,4037.11,941883967,4.54,6.88,13.6
2004-03-09,NASDAQ,4871.05,4857.59,4920.49,4826.79,95898331,7.74,6.52,13.29
2004-03-10,Dow Jones,2758.96,2793.12,2840.5699999999997,2749.51,367136667,5.05,6.01,9.47
2004-03-11,S&P 500,2113.47,2118.93,2122.8399999999997,2103.8799999999997,321472184,5.99,9.25,4.88
2004-03-12,Dow Jones,4193.17,4233.33,4280.0,4160.51,6668795,-1.49,2.29,7.24
2004-03-13,NASDAQ,2305.02,2347.64,2365.7999999999997,2302.34,285904075,0.57,4.94,14.68
2004-03-14,S&P 500,2197.53,2148.44,2239.77,2132.77,249866319,-2.79,8.84,9.9
2004-03-15,NASDAQ,1930.02,1887.56,1950.94,1880.09,191184244,2.59,0.78,12.15
2004-03-16,NASDAQ,1518.72,1493.76,1540.76,1464.75,123957749,1.84,0.56,7.85
2004-03-17,Dow Jones,2025.85,2042.78,2074.49,1992.76,317686896,9.96,2.33,8.92
2004-03-18,NASDAQ,2421.28,2460.11,2498.83,2385.2200000000003,617105123,4.17,6.33,7.58
2004-03-19,Dow Jones,3695.98,3691.97,3697.67,3679.2099999999996,909266557,6.8,2.6,11.14
2004-03-20,S&P 500,1250.26,1260.96,1290.6200000000001,1245.8,567299987,0.01,1.9,13.07
2004-03-21,Dow Jones,1842.03,1810.8799999999999,1851.37,1806.9499999999998,998361305,7.47,4.59,8.6
2004-03-22,S&P 500,4236.09,4266.59,4283.89,4214.78,34001783,4.23,6.14,8.25
2004-03-23,Dow Jones,1587.69,1634.42,1651.8200000000002,1540.4,827525017,5.45,2.49,6.42
2004-03-24,NASDAQ,2370.58,2347.44,2394.0299999999997,2336.55,604453589,-0.58,3.01,4.3
2004-03-25,Dow Jones,4458.64,4458.12,4475.35,4445.28,560142775,3.23,6.14,14.21
2004-03-26,Dow Jones,1619.7,1578.31,1625.07,1573.27,202398856,4.51,9.46,6.11
2004-03-27,S&P 500,1330.95,1336.8600000000001,1344.14,1300.67,231875716,3.84,6.75,12.41
2004-03-28,NASDAQ,2938.15,2938.4300000000003,2940.1000000000004,2904.1600000000003,780518928,8.73,7.83,11.3
2004-03-29,Dow Jones,2209.68,2174.12,2233.19,2141.97,868618992,8.47,3.67,12.28
2004-03-30,NASDAQ,3253.63,3247.84,3301.35,3204.78,863411105,9.56,2.72,14.18
2004-03-31,Dow Jones,4215.22,4198.63,4221.0,4174.31,82998337,5.01,4.54,10.1
2004-04-01,Dow Jones,1548.59,1550.77,1598.08,1541.87,730229620,9.58,8.07,13.67
2004-04-02,NASDAQ,3322.8,3331.3700000000003,3368.0400000000004,3308.3300000000004,260424374,7.49,4.56,4.18
2004-04-03,Dow Jones,3022.04,2972.89,3053.91,2939.77,82102342,-0.94,8.47,10.15
2004-04-04,NASDAQ,1576.32,1602.4199999999998,1634.6799999999998,1545.6599999999999,764220734,1.41,9.89,12.04
2004-04-05,Dow Jones,3495.99,3517.29,3558.63,3469.4399999999996,689475107,-1.42,0.72,5.53
2004-04-06,S&P 500,2094.56,2081.19,2099.91,2047.04,866862604,-4.94,0.45,11.63
2004-04-07,NASDAQ,2951.34,2906.63,2976.58,2874.76,902088147,-2.18,1.5,12.12
2004-04-08,Dow Jones,1329.09,1354.58,1389.4299999999998,1285.02,793861149,-4.94,3.84,12.81
2004-04-09,Dow Jones,2838.34,2883.86,2913.2000000000003,2809.04,55748573,5.8,1.31,6.07
2004-04-10,S&P 500,2225.85,2199.87,2267.49,2160.94,721421450,1.38,8.71,10.86
2004-04-11,NASDAQ,4289.52,4271.870000000001,4293.13,4259.430000000001,777135006,-0.31,0.23,5.96
2004-04-12,Dow Jones,1227.91,1196.2900000000002,1262.45,1162.38,44832825,6.43,3.16,11.61
2004-04-13,S&P 500,2674.43,2682.12,2708.8199999999997,2629.3199999999997,751918842,7.49,1.85,8.02
2004-04-14,Dow Jones,2833.73,2799.21,2852.69,2779.92,277608449,9.63,9.32,9.77
2004-04-15,NASDAQ,3900.02,3885.64,3917.03,3846.68,381473839,4.63,6.69,7.41
2004-04-16,Dow Jones,3297.15,3316.85,3347.89,3260.9100000000003,587992130,1.92,9.12,4.11
2004-04-17,Dow Jones,3668.85,3674.86,3719.4100000000003,3665.87,963812599,-0.42,9.72,4.31
2004-04-18,Dow Jones,4108.2,4096.849999999999,4133.01,4067.7699999999995,712059278,-1.67,4.97,3.01
2004-04-19,Dow Jones,4448.81,4440.830000000001,4490.05,4434.320000000001,469623632,-1.81,2.34,10.03
2004-04-20,S&P 500,2255.5,2261.71,2281.82,2207.13,633736623,1.14,1.94,13.03
2004-04-21,S&P 500,3152.09,3102.6800000000003,3157.21,3062.11,990452339,9.88,2.23,2.27
2004-04-22,NASDAQ,4360.43,4318.280000000001,4363.51,4312.790000000001,342044591,-4.99,7.09,2.86
2004-04-23,S&P 500,4957.8,4995.93,4998.5,4951.71,623155908,-2.04,0.4,7.95
2004-04-24,S&P 500,4558.08,4515.87,4577.09,4486.15,207892001,-2.17,0.51,11.59
2004-04-25,NASDAQ,2485.87,2506.5499999999997,2523.41,2468.63,788283168,5.76,6.08,4.05
2004-04-26,S&P 500,1780.67,1822.67,1858.5700000000002,1778.92,158251893,0.29,6.42,5.53
2004-04-27,S&P 500,2957.57,2934.6400000000003,2994.71,2907.5600000000004,609990780,1.86,6.65,5.02
2004-04-28,NASDAQ,3966.57,3953.6200000000003,3969.11,3934.2300000000005,492777900,-2.77,3.72,7.19
2004-04-29,NASDAQ,2970.28,2977.17,2988.23,2965.23,282524239,1.07,8.06,4.92
2004-04-30,NASDAQ,2932.72,2970.89,2984.6,2892.62,926503682,-3.45,5.34,6.58
2004-05-01,Dow Jones,4352.92,4397.11,4424.49,4307.17,404101434,3.0,1.05,11.47
2004-05-02,Dow Jones,2445.62,2469.58,2476.81,2407.79,403421178,-3.53,7.97,9.94
2004-05-03,NASDAQ,4439.18,4397.84,4445.88,4356.72,642669422,6.86,9.53,3.06
2004-05-04,NASDAQ,2627.22,2644.14,2691.33,2616.3999999999996,289609327,3.5,0.6,10.29
2004-05-05,NASDAQ,2312.93,2303.96,2353.14,2290.78,368388394,5.86,3.91,8.2
2004-05-06,Dow Jones,2815.96,2813.03,2824.9900000000002,2802.6000000000004,922449592,1.28,4.88,14.15
2004-05-07,Dow Jones,4049.79,4004.7,4070.12,3966.45,988301362,0.72,1.46,5.76
2004-05-08,S&P 500,1504.01,1473.12,1521.79,1425.7199999999998,873473407,-3.53,8.68,11.44
2004-05-09,S&P 500,1785.68,1814.73,1854.28,1749.8400000000001,451825684,2.86,2.84,11.5
2004-05-10,NASDAQ,4805.78,4801.179999999999,4831.29,4757.11,843412072,2.72,7.83,4.88
2004-05-11,Dow Jones,1701.97,1682.14,1708.3600000000001,1650.21,613795847,2.02,6.71,13.74
2004-05-12,Dow Jones,3270.91,3259.31,3307.8599999999997,3239.93,938695765,6.11,5.98,8.39
2004-05-13,Dow Jones,3317.26,3352.7000000000003,3372.5400000000004,3295.9700000000003,10367922,7.49,1.92,10.83
2004-05-14,NASDAQ,2958.5,2983.4,2996.55,2954.73,481298165,6.26,2.21,3.9
2004-05-15,S&P 500,3578.98,3556.21,3597.75,3554.64,627055684,-2.84,0.47,5.35
2004-05-16,NASDAQ,1919.31,1881.06,1944.2,1846.29,18343120,4.33,2.41,9.62
2004-05-17,S&P 500,3210.65,3185.85,3227.81,3163.93,901132708,-3.8,3.45,6.15
2004-05-18,S&P 500,2488.69,2530.77,2542.87,2461.08,788923533,5.42,8.33,8.5
2004-05-19,NASDAQ,3646.67,3654.83,3674.7599999999998,3618.79,719721254,0.73,3.66,6.86
2004-05-20,S&P 500,1564.89,1568.24,1569.2,1551.0200000000002,378672488,-3.01,7.55,10.33
2004-05-21,S&P 500,3283.51,3293.15,3331.77,3259.7200000000003,483829659,7.93,4.39,8.33
2004-05-22,Dow Jones,1741.08,1727.6799999999998,1749.6299999999999,1704.1399999999999,397669406,4.21,7.85,2.06
2004-05-23,S&P 500,2114.57,2145.28,2147.48,2095.15,915568400,0.32,9.76,10.45
2004-05-24,NASDAQ,1874.84,1877.1699999999998,1909.85,1833.81,149437666,-4.54,2.4,7.49
2004-05-25,NASDAQ,1731.35,1693.02,1770.05,1670.46,604762343,3.06,8.62,6.44
2004-05-26,S&P 500,4302.84,4265.75,4343.53,4235.57,325163861,8.85,6.22,3.22
2004-05-27,Dow Jones,2142.83,2146.52,2171.2,2098.0499999999997,293386540,3.95,8.17,4.86
2004-05-28,Dow Jones,4708.5,4752.16,4762.43,4665.19,530288879,9.57,6.52,4.91
2004-05-29,S&P 500,4879.71,4860.55,4916.57,4816.03,650013300,-2.95,4.24,14.16
2004-05-30,S&P 500,3285.04,3321.99,3356.9799999999996,3271.54,817949084,3.52,2.28,7.62
2004-05-31,NASDAQ,1572.0,1598.41,1610.72,1570.25,171587145,6.97,0.7,2.55
2004-06-01,S&P 500,2498.19,2472.9700000000003,2543.36,2459.92,997294289,2.88,5.36,3.8
2004-06-02,Dow Jones,4190.93,4144.56,4196.150000000001,4130.620000000001,184984875,-3.63,9.9,3.03
2004-06-03,S&P 500,2469.56,2429.74,2518.69,2384.27,746578959,3.74,7.38,9.66
2004-06-04,NASDAQ,1348.07,1370.9199999999998,1413.9299999999998,1315.61,756016433,4.18,3.27,4.43
2004-06-05,NASDAQ,3227.14,3197.1099999999997,3261.5299999999997,3193.0199999999995,708338822,5.93,8.27,8.48
2004-06-06,NASDAQ,4380.48,4367.61,4427.419999999999,4360.839999999999,284904157,6.42,7.69,6.81
2004-06-07,NASDAQ,4183.71,4183.88,4220.0,4175.93,533992018,6.56,2.82,12.45
2004-06-08,NASDAQ,1700.49,1723.04,1732.56,1668.97,58290806,4.95,0.14,6.17
2004-06-09,S&P 500,3691.06,3652.38,3713.17,3615.61,730747387,-1.76,1.18,7.96
2004-06-10,S&P 500,1882.02,1872.66,1885.6,1829.68,96090390,1.06,8.77,11.38
2004-06-11,S&P 500,1872.83,1871.34,1892.31,1824.31,835224071,6.64,8.37,7.63
2004-06-12,S&P 500,4496.29,4500.37,4537.45,4486.2,114922768,9.3,2.95,12.31
2004-06-13,NASDAQ,1998.68,2030.52,2049.84,1983.19,712072788,-3.82,2.85,10.6
2004-06-14,Dow Jones,2052.99,2020.1599999999999,2069.5,2008.1399999999999,2436953,3.03,7.93,7.34
2004-06-15,S&P 500,1002.61,1033.39,1063.16,984.67,577981752,-0.31,9.38,8.55
2004-06-16,Dow Jones,4482.68,4501.97,4545.58,4436.950000000001,492009563,-1.62,7.79,14.57
2004-06-17,S&P 500,4170.38,4175.97,4178.35,4141.62,575488486,2.59,6.06,10.6
2004-06-18,S&P 500,3509.32,3529.27,3548.54,3472.4100000000003,105005024,4.09,2.43,13.76
2004-06-19,Dow Jones,4001.06,3992.2599999999998,4008.97,3967.7499999999995,857161063,-4.85,5.26,4.32
2004-06-20,NASDAQ,1608.19,1572.03,1642.96,1570.59,460684562,6.7,2.34,8.28
2004-06-21,S&P 500,2833.29,2849.87,2855.16,2830.08,311917404,7.3,8.08,13.81
2004-06-22,S&P 500,2404.88,2407.35,2440.5899999999997,2377.98,98439251,9.48,3.87,6.19
2004-06-23,S&P 500,1375.11,1389.05,1403.36,1339.1699999999998,702036051,-2.29,8.34,14.58
2004-06-24,Dow Jones,2944.52,2928.32,2954.47,2917.55,778484798,3.92,3.82,3.26
2004-06-25,NASDAQ,4682.96,4723.65,4770.469999999999,4646.86,62378377,1.4,8.24,13.73
2004-06-26,Dow Jones,1160.24,1168.98,1169.91,1119.71,800865853,0.02,3.33,7.79
2004-06-27,Dow Jones,2165.84,2124.38,2187.73,2103.79,999720907,3.48,4.4,2.96
2004-06-28,NASDAQ,1830.16,1825.14,1831.24,1787.8200000000002,147868343,6.74,6.15,13.43
2004-06-29,Dow Jones,1952.59,1978.23,2002.41,1932.3899999999999,414861984,-4.65,0.7,5.28
2004-06-30,NASDAQ,4633.74,4663.15,4688.2,4599.82,296635063,9.54,9.48,2.29
2004-07-01,S&P 500,2872.28,2871.7400000000002,2888.36,2833.5400000000004,405465176,7.15,5.74,3.77
2004-07-02,NASDAQ,2865.2,2904.6699999999996,2911.2799999999997,2815.6,861136600,6.27,5.08,10.57
2004-07-03,S&P 500,4042.3,4019.07,4061.1200000000003,4001.8,136488756,6.41,8.39,14.71
2004-07-04,Dow Jones,1617.97,1609.03,1651.58,1588.48,341252419,0.84,8.66,3.45
2004-07-05,Dow Jones,2949.06,2988.92,3028.04,2940.7799999999997,317501507,6.27,5.22,8.01
2004-07-06,S&P 500,2719.94,2759.57,2786.11,2709.7400000000002,931437512,0.8,9.27,4.35
2004-07-07,Dow Jones,3387.64,3406.21,3435.7,3352.97,823166670,8.48,0.65,11.69
2004-07-08,NASDAQ,4998.23,5034.129999999999,5044.159999999999,4952.379999999999,730452023,-2.34,1.13,3.53
2004-07-09,S&P 500,4077.8,4036.6800000000003,4092.17,4016.9500000000003,601065870,-0.61,5.97,5.12
2004-07-10,Dow Jones,2591.46,2627.96,2636.05,2582.4700000000003,368325017,3.27,3.54,4.55
2004-07-11,S&P 500,4310.21,4292.27,4322.67,4278.02,805710619,-0.21,4.64,9.18
2004-07-12,NASDAQ,1682.83,1650.6599999999999,1694.07,1627.9099999999999,510725510,1.36,3.28,13.35
2004-07-13,NASDAQ,1121.85,1095.79,1147.82,1081.26,324600543,2.39,4.05,8.64
2004-07-14,Dow Jones,1817.79,1809.59,1845.92,1797.9099999999999,124837515,7.85,8.23,2.76
2004-07-15,NASDAQ,2361.65,2336.77,2408.9,2299.97,845556898,2.85,5.93,9.32
2004-07-16,S&P 500,3042.32,3024.38,3052.1000000000004,3023.9900000000002,875466995,0.44,9.97,12.37
2004-07-17,NASDAQ,3460.52,3424.02,3492.6,3397.06,733443262,-1.28,7.87,3.72
2004-07-18,S&P 500,4642.42,4622.04,4683.28,4582.35,133875295,1.13,2.74,2.95
2004-07-19,S&P 500,3039.42,3046.65,3074.6600000000003,3026.11,793132360,2.74,2.64,4.44
2004-07-20,NASDAQ,3005.1,2999.29,3017.85,2969.13,278332301,6.19,3.36,11.7
2004-07-21,Dow Jones,1200.97,1185.64,1214.1000000000001,1152.19,936841292,-3.18,8.43,9.69
2004-07-22,NASDAQ,1139.65,1164.3000000000002,1166.2600000000002,1106.9,319070199,-1.68,0.27,9.03
2004-07-23,S&P 500,3204.64,3243.99,3259.2599999999998,3182.35,399828411,0.69,2.3,5.24
2004-07-24,S&P 500,2752.71,2778.39,2815.62,2735.38,996388331,0.41,9.05,6.32
2004-07-25,NASDAQ,4356.72,4339.92,4359.1,4298.12,176011808,0.88,6.4,14.56
2004-07-26,Dow Jones,1642.72,1667.16,1678.1200000000001,1604.8,626963359,6.9,2.27,5.13
2004-07-27,Dow Jones,1099.89,1065.0900000000001,1135.2,1049.0300000000002,325175186,-0.14,2.19,13.72
2004-07-28,S&P 500,2796.16,2759.19,2835.29,2754.04,809190877,2.53,8.63,9.55
2004-07-29,S&P 500,1949.91,1934.47,1972.68,1930.88,295638991,4.36,8.94,3.6
2004-07-30,Dow Jones,1198.46,1229.23,1264.13,1193.75,349703115,-1.52,2.56,8.08
2004-07-31,NASDAQ,3898.39,3873.02,3917.79,3843.88,161562377,5.78,4.21,14.33
2004-08-01,S&P 500,1446.37,1402.6999999999998,1454.37,1400.12,628589057,3.21,8.35,7.44
2004-08-02,S&P 500,3433.28,3396.4500000000003,3453.19,3379.6000000000004,688745553,1.7,7.71,13.22
2004-08-03,Dow Jones,2124.2,2160.0699999999997,2189.0699999999997,2086.54,371315148,7.15,8.14,5.33
2004-08-04,NASDAQ,1693.98,1707.3600000000001,1754.7600000000002,1679.26,34201244,-1.35,5.18,9.42
2004-08-05,Dow Jones,2519.01,2494.3300000000004,2522.4500000000003,2456.1600000000003,727941463,8.25,9.12,12.97
2004-08-06,NASDAQ,4205.78,4211.3099999999995,4236.679999999999,4168.509999999999,744516517,3.42,3.26,13.97
2004-08-07,NASDAQ,2568.37,2571.13,2587.58,2556.08,621791179,4.14,1.57,8.32
2004-08-08,NASDAQ,4003.08,4018.62,4044.04,3966.64,590343547,8.13,7.09,10.32
2004-08-09,S&P 500,1501.95,1475.27,1503.15,1437.8799999999999,298009211,7.26,5.39,2.04
2004-08-10,Dow Jones,4091.09,4127.53,4143.179999999999,4071.2200000000003,690408476,4.02,8.55,5.29
2004-08-11,Dow Jones,1947.73,1928.67,1988.72,1918.15,421695765,6.3,0.81,5.62
2004-08-12,NASDAQ,3709.57,3728.98,3756.68,3683.51,331328675,1.5,8.44,3.22
2004-08-13,S&P 500,3263.13,3214.7400000000002,3285.6600000000003,3168.67,817410624,3.21,2.93,5.64
2004-08-14,S&P 500,4716.58,4703.85,4730.86,4671.870000000001,881870954,-4.07,6.55,6.17
2004-08-15,Dow Jones,2549.29,2534.46,2564.19,2525.81,652866422,-3.65,0.4,14.59
2004-08-16,S&P 500,1264.66,1269.01,1288.17,1230.52,926497511,7.44,6.1,10.69
2004-08-17,S&P 500,1076.62,1033.8899999999999,1118.3999999999999,1012.5299999999999,126679807,-4.1,7.17,7.54
2004-08-18,NASDAQ,4307.43,4336.4400000000005,4384.8,4277.85,254090849,-2.46,3.69,14.84
2004-08-19,S&P 500,3098.94,3070.7200000000003,3120.87,3034.0200000000004,181087841,6.94,2.15,3.99
2004-08-20,NASDAQ,4100.98,4118.679999999999,4138.349999999999,4075.2299999999996,870875375,-4.98,5.38,8.19
2004-08-21,Dow Jones,1937.7,1968.02,2010.35,1897.0,195018720,-0.76,8.33,10.41
2004-08-22,S&P 500,2380.33,2386.52,2407.87,2344.22,29148419,3.76,3.24,2.72
2004-08-23,Dow Jones,1120.42,1144.51,1172.11,1089.67,118399525,3.93,2.52,11.32
2004-08-24,Dow Jones,4845.97,4862.16,4873.71,4838.43,141252317,6.66,2.79,3.3
2004-08-25,S&P 500,3671.47,3657.02,3708.6499999999996,3615.22,220023092,2.59,9.49,3.82
2004-08-26,S&P 500,4732.82,4763.71,4790.31,4686.0199999999995,298711091,2.64,3.59,4.08
2004-08-27,Dow Jones,2061.99,2041.4599999999998,2102.4399999999996,2034.61,493685677,5.88,0.04,14.08
2004-08-28,S&P 500,3445.85,3452.97,3492.0099999999998,3421.44,33503123,2.48,7.82,10.88
2004-08-29,NASDAQ,3714.0,3738.54,3749.29,3701.06,829093273,4.13,6.99,10.52
2004-08-30,NASDAQ,2270.2,2258.1,2305.98,2220.37,189542286,8.47,1.29,9.22
2004-08-31,S&P 500,4392.44,4372.719999999999,4432.44,4336.639999999999,176693382,1.02,9.85,5.81
2004-09-01,Dow Jones,4788.65,4784.58,4805.96,4777.54,744032945,0.78,6.08,10.07
2004-09-02,S&P 500,4539.42,4571.22,4579.85,4495.57,451984732,-4.95,5.01,7.33
2004-09-03,S&P 500,3956.27,3999.2599999999998,3999.39,3947.22,326710742,4.2,3.82,3.89
2004-09-04,Dow Jones,2109.86,2114.3700000000003,2136.9200000000005,2070.0,611434465,-4.55,8.99,10.96
2004-09-05,Dow Jones,2126.46,2142.61,2160.23,2103.61,137752595,2.56,2.44,3.68
2004-09-06,NASDAQ,4853.44,4893.7699999999995,4921.5199999999995,4837.03,509198030,7.06,2.86,4.48
2004-09-07,Dow Jones,1041.14,1000.9900000000001,1050.5400000000002,993.0800000000002,133170036,3.25,1.22,12.63
2004-09-08,NASDAQ,3864.2,3837.41,3907.18,3829.0299999999997,730151888,-0.96,7.59,10.58
2004-09-09,Dow Jones,3824.98,3845.87,3858.7599999999998,3791.89,489707391,6.79,5.96,10.2
2004-09-10,S&P 500,3490.76,3523.13,3534.4500000000003,3463.2400000000002,317608723,-0.95,6.09,7.44
2004-09-11,NASDAQ,4960.44,4996.139999999999,5020.179999999999,4954.339999999999,40338168,6.0,2.18,7.15
2004-09-12,NASDAQ,2247.52,2239.03,2272.46,2233.4,56743692,4.15,6.51,10.97
2004-09-13,NASDAQ,2359.89,2318.8199999999997,2370.64,2315.2,747526059,-2.45,7.65,11.62
2004-09-14,S&P 500,1315.76,1309.54,1329.35,1272.35,382747445,8.58,3.58,8.63
2004-09-15,S&P 500,2771.19,2744.26,2779.68,2708.67,676553518,-1.99,8.01,14.6
2004-09-16,S&P 500,2044.19,2023.31,2080.11,2020.3899999999999,328622647,9.84,3.49,14.42
2004-09-17,S&P 500,2373.55,2400.78,2439.28,2345.54,735566180,-4.89,7.58,7.36
2004-09-18,S&P 500,4338.29,4295.84,4361.41,4291.610000000001,283097030,-1.05,0.34,12.67
2004-09-19,NASDAQ,4741.94,4774.7,4810.4,4696.75,151782471,-2.0,5.51,9.06
2004-09-20,S&P 500,1742.93,1735.7,1779.73,1690.3400000000001,50428045,-4.79,9.7,8.65
2004-09-21,NASDAQ,2490.04,2499.65,2506.56,2455.13,309547395,5.99,9.81,2.71
2004-09-22,S&P 500,4714.52,4673.490000000001,4762.830000000001,4627.18,68338516,5.4,2.82,9.46
2004-09-23,Dow Jones,1247.23,1230.97,1288.28,1190.4,79671804,6.89,4.41,13.71
2004-09-24,NASDAQ,1369.44,1328.41,1379.66,1286.98,799004205,-1.15,0.63,12.14
2004-09-25,Dow Jones,1651.16,1697.3100000000002,1706.6200000000001,1622.67,3767049,1.67,8.73,12.22
2004-09-26,NASDAQ,3380.85,3411.58,3417.86,3365.5499999999997,894006037,4.89,5.69,4.08
2004-09-27,Dow Jones,1601.89,1597.8500000000001,1608.8100000000002,1586.96,985343133,1.6,3.85,6.66
2004-09-28,S&P 500,4872.31,4844.67,4909.72,4828.31,549000221,5.46,1.13,5.03
2004-09-29,S&P 500,2786.86,2830.21,2853.69,2755.44,785711631,4.51,9.47,6.11
2004-09-30,S&P 500,3006.07,2990.53,3045.2200000000003,2981.9,153941642,-3.28,5.3,9.53
2004-10-01,NASDAQ,1986.63,1952.73,2023.94,1939.8,546689557,6.72,2.83,6.74
2004-10-02,Dow Jones,2883.84,2890.1600000000003,2920.3900000000003,2860.44,353017052,5.81,3.5,9.29
2004-10-03,S&P 500,3647.65,3692.03,3726.3500000000004,3636.0,11873496,4.84,2.71,7.7
2004-10-04,Dow Jones,4004.71,3955.09,4005.63,3925.6600000000003,683891193,-2.67,6.02,5.73
2004-10-05,Dow Jones,4015.47,3989.2799999999997,4031.06,3943.12,264176333,-0.98,9.3,3.24
2004-10-06,S&P 500,3311.56,3355.4,3387.29,3274.16,585248909,0.9,8.57,13.59
2004-10-07,S&P 500,4617.44,4584.549999999999,4617.91,4551.23,377908097,-0.8,4.6,2.15
2004-10-08,Dow Jones,4269.63,4230.95,4271.28,4201.8099999999995,759400693,-1.58,8.26,2.02
2004-10-09,S&P 500,4028.19,4035.21,4077.8,4003.79,308737036,7.08,4.23,12.75
2004-10-10,S&P 500,1222.42,1258.6000000000001,1292.8000000000002,1213.0900000000001,653638914,4.57,2.52,14.96
2004-10-11,S&P 500,1027.51,1025.22,1040.78,980.48,832091357,3.48,9.83,11.45
2004-10-12,NASDAQ,1849.79,1899.25,1933.65,1837.36,699621073,-1.61,3.04,2.2
2004-10-13,Dow Jones,3654.09,3672.01,3711.63,3649.52,101300853,8.77,3.24,4.95
2004-10-14,Dow Jones,2644.79,2602.2,2660.13,2564.7,359509923,-2.13,9.9,14.63
2004-10-15,NASDAQ,2609.63,2658.9100000000003,2660.7100000000005,2600.85,382741332,6.92,1.34,12.51
2004-10-16,Dow Jones,4538.35,4529.14,4584.990000000001,4510.55,806660468,9.5,7.61,9.37
2004-10-17,S&P 500,4582.25,4560.99,4599.51,4559.58,502945938,5.91,9.36,5.08
2004-10-18,Dow Jones,4636.7,4642.49,4647.8099999999995,4629.849999999999,456721359,9.89,5.12,2.19
2004-10-19,S&P 500,2255.51,2235.94,2280.1000000000004,2227.28,47518939,4.77,0.03,2.27
2004-10-20,NASDAQ,3764.22,3722.87,3802.64,3720.15,956163958,-1.74,3.75,9.96
2004-10-21,S&P 500,2086.53,2036.6700000000003,2097.61,2003.8400000000004,864646990,-1.94,1.12,2.28
2004-10-22,Dow Jones,1762.44,1757.4,1775.91,1715.5500000000002,869330047,-0.13,4.16,14.92
2004-10-23,Dow Jones,1738.53,1772.22,1784.3600000000001,1719.86,535394304,-4.89,7.9,4.38
2004-10-24,Dow Jones,2368.43,2375.66,2425.24,2324.7,896817839,5.23,4.39,11.24
2004-10-25,NASDAQ,2719.83,2769.75,2779.62,2709.16,409240366,-0.97,4.32,4.02
2004-10-26,NASDAQ,4323.8,4302.4800000000005,4352.58,4286.21,966643407,7.23,5.57,9.02
2004-10-27,Dow Jones,1479.56,1457.61,1525.82,1450.07,591781813,0.39,5.82,3.05
2004-10-28,S&P 500,3939.7,3905.6699999999996,3947.04,3874.6399999999994,575649363,2.2,8.56,11.97
2004-10-29,NASDAQ,3125.82,3092.23,3174.36,3071.2400000000002,726832992,9.49,3.08,9.6
2004-10-30,Dow Jones,2151.78,2130.3,2199.15,2099.6400000000003,212265104,-1.37,8.22,3.12
2004-10-31,Dow Jones,2971.28,3000.5600000000004,3044.7900000000004,2933.2000000000003,50633476,5.82,5.66,13.03
2004-11-01,NASDAQ,2199.77,2240.35,2251.08,2172.48,821955517,6.33,3.01,9.11
2004-11-02,NASDAQ,3384.33,3431.84,3463.54,3352.95,555307140,-1.69,2.95,13.98
2004-11-03,NASDAQ,2735.38,2708.61,2773.42,2661.85,868985081,2.51,3.61,13.92
2004-11-04,S&P 500,1657.62,1695.75,1745.05,1642.6699999999998,725795046,0.25,6.23,13.97
2004-11-05,S&P 500,1466.33,1449.1599999999999,1475.35,1431.1999999999998,218462476,6.58,2.31,3.01
2004-11-06,Dow Jones,3186.78,3148.0600000000004,3225.0800000000004,3112.1700000000005,724662315,4.34,9.2,3.57
2004-11-07,NASDAQ,4609.65,4646.65,4663.589999999999,4579.08,307452643,2.14,5.75,14.84
2004-11-08,S&P 500,2375.83,2389.44,2398.2200000000003,2366.9,166050973,6.69,9.2,8.34
2004-11-09,NASDAQ,3932.0,3898.47,3953.07,3879.66,645146424,-1.47,0.46,5.1
2004-11-10,Dow Jones,3634.65,3627.63,3674.34,3604.2400000000002,790507139,6.3,3.43,12.01
2004-11-11,S&P 500,4726.22,4704.95,4749.46,4683.98,146652566,7.98,0.23,5.44
2004-11-12,S&P 500,4283.92,4307.6,4334.4800000000005,4275.01,746133076,8.18,2.72,11.45
2004-11-13,S&P 500,3266.42,3261.76,3316.1800000000003,3215.5400000000004,355110270,6.76,8.62,12.88
2004-11-14,Dow Jones,3628.12,3677.0499999999997,3697.0099999999998,3590.0,739657791,1.12,0.37,12.2
2004-11-15,NASDAQ,4593.55,4549.02,4624.320000000001,4524.950000000001,393313428,9.73,4.36,5.56
2004-11-16,S&P 500,2598.08,2583.58,2616.34,2549.58,526745541,0.69,1.18,7.22
2004-11-17,Dow Jones,2307.18,2305.37,2326.8199999999997,2260.5099999999998,927163479,4.58,4.17,7.37
2004-11-18,NASDAQ,1043.24,1043.55,1078.33,1036.43,355605166,-2.58,8.39,8.39
2004-11-19,Dow Jones,4306.2,4287.79,4353.09,4275.2699999999995,598181364,9.71,6.23,4.18
2004-11-20,NASDAQ,4203.92,4226.84,4253.96,4176.78,570865054,5.56,7.37,7.88
2004-11-21,Dow Jones,1417.82,1455.29,1493.71,1377.87,369454226,6.3,3.49,8.64
2004-11-22,NASDAQ,3307.43,3351.2999999999997,3355.7599999999998,3305.62,265392549,-4.01,9.44,8.91
2004-11-23,S&P 500,2855.93,2886.44,2897.0,2806.73,466183741,6.45,7.09,12.66
2004-11-24,NASDAQ,1474.84,1509.8999999999999,1535.0099999999998,1452.09,748100619,6.62,4.22,8.73
2004-11-25,Dow Jones,4922.27,4927.320000000001,4928.320000000001,4904.31,595394189,5.08,4.26,5.0
2004-11-26,Dow Jones,1858.78,1891.37,1904.01,1844.1399999999999,14763963,-0.62,9.19,10.62
2004-11-27,NASDAQ,1268.94,1249.29,1294.81,1240.57,157556939,2.35,5.76,12.37
2004-11-28,S&P 500,3379.39,3369.24,3380.14,3329.66,81465335,-3.34,7.06,6.15
2004-11-29,S&P 500,3955.47,3937.16,3968.7,3889.39,653200823,2.07,4.17,10.39
2004-11-30,NASDAQ,1129.77,1126.51,1155.47,1105.83,548803918,-1.34,2.24,3.91
2004-12-01,NASDAQ,3634.87,3613.43,3663.5299999999997,3565.81,812146578,0.24,7.24,6.45
2004-12-02,Dow Jones,3129.17,3175.33,3221.62,3087.98,446739995,-2.56,6.08,13.82
2004-12-03,S&P 500,1413.06,1394.34,1445.33,1370.29,461987815,-1.55,5.01,13.85
2004-12-04,NASDAQ,1690.1,1649.8999999999999,1710.84,1616.1999999999998,580203240,-3.85,6.24,9.48
2004-12-05,S&P 500,3271.9,3274.58,3321.1,3250.15,681276676,8.8,2.08,11.13
2004-12-06,NASDAQ,2185.43,2141.14,2224.6699999999996,2113.2,113169924,2.96,7.94,13.1
2004-12-07,NASDAQ,4753.26,4714.31,4763.26,4711.410000000001,10227525,0.95,9.48,14.46
2004-12-08,S&P 500,4274.96,4246.9,4281.5,4212.089999999999,781188374,3.03,8.91,8.37
2004-12-09,NASDAQ,4934.27,4930.71,4968.06,4928.07,484427906,4.42,3.21,9.3
2004-12-10,NASDAQ,2038.68,2032.01,2066.67,1991.16,354165540,8.83,4.06,7.4
2004-12-11,Dow Jones,4878.89,4908.860000000001,4948.34,4837.64,737572576,-2.32,8.08,2.94
2004-12-12,NASDAQ,2724.94,2748.89,2785.83,2713.09,693875690,-0.57,5.95,7.5
2004-12-13,NASDAQ,2390.08,2382.71,2421.34,2366.53,398078649,9.64,5.48,12.28
2004-12-14,NASDAQ,1201.4,1184.77,1250.72,1160.7,442714836,0.57,9.27,12.46
2004-12-15,Dow Jones,1211.06,1192.71,1237.74,1162.88,2715027,-4.66,5.36,13.6
2004-12-16,S&P 500,3768.05,3795.4500000000003,3801.11,3753.6800000000003,595214630,-2.79,5.15,2.67
2004-12-17,Dow Jones,2831.72,2786.93,2873.1299999999997,2757.31,25100496,-4.6,0.42,8.85
2004-12-18,Dow Jones,1906.09,1857.37,1918.6799999999998,1842.4799999999998,896476956,9.85,0.69,3.4
2004-12-19,S&P 500,3455.88,3485.4300000000003,3524.3,3453.11,984177095,-0.82,0.07,4.61
2004-12-20,Dow Jones,2011.43,2009.14,2059.29,2009.01,700420735,8.85,9.13,13.7
2004-12-21,S&P 500,3310.53,3273.6200000000003,3345.3700000000003,3268.5600000000004,415640765,9.94,4.08,8.46
2004-12-22,Dow Jones,2436.83,2410.39,2466.63,2370.7799999999997,182890777,4.0,4.69,11.86
2004-12-23,S&P 500,4294.21,4337.46,4360.4800000000005,4246.14,592236891,-4.5,8.45,2.84
2004-12-24,NASDAQ,4282.78,4318.73,4336.95,4261.429999999999,253618081,-3.78,6.09,7.42
2004-12-25,Dow Jones,2909.4,2930.38,2948.03,2883.77,593616921,2.22,6.1,10.77
2004-12-26,Dow Jones,2403.28,2401.5,2435.1000000000004,2394.16,192435660,1.09,2.97,3.73
2004-12-27,Dow Jones,2450.24,2452.27,2489.83,2422.6899999999996,438397227,4.09,8.34,6.24
2004-12-28,Dow Jones,4222.86,4270.38,4304.31,4215.63,882472996,1.58,1.66,2.84
2004-12-29,NASDAQ,2312.72,2359.2999999999997,2369.22,2282.16,477618764,9.01,0.53,10.47
2004-12-30,Dow Jones,1836.24,1807.77,1860.94,1761.11,839933413,3.02,1.92,14.62
2004-12-31,NASDAQ,1338.75,1369.86,1409.4399999999998,1328.97,626570968,5.41,2.68,12.75
2005-01-01,NASDAQ,2866.77,2836.49,2890.56,2798.2599999999998,354635517,8.45,2.82,14.67
2005-01-02,NASDAQ,2928.53,2899.88,2955.36,2898.7000000000003,40076502,-2.8,6.71,12.99
2005-01-03,NASDAQ,4363.63,4381.24,4419.8,4344.86,882603669,-1.55,2.18,13.12
2005-01-04,S&P 500,1884.95,1875.45,1918.01,1869.91,405155412,-3.39,6.77,9.5
2005-01-05,S&P 500,2523.97,2567.12,2587.5899999999997,2506.35,144483573,-2.91,0.91,8.74
2005-01-06,Dow Jones,4233.62,4192.5199999999995,4278.39,4183.839999999999,47425245,2.69,1.47,7.28
2005-01-07,S&P 500,4294.49,4295.639999999999,4303.7699999999995,4275.82,534711818,-0.18,5.09,12.64
2005-01-08,S&P 500,2538.44,2580.29,2630.07,2517.56,198802947,1.35,9.22,4.37
2005-01-09,Dow Jones,2836.5,2876.91,2882.85,2821.47,47392800,9.74,8.6,2.73
2005-01-10,Dow Jones,2213.14,2178.79,2213.89,2145.96,394873262,-2.65,9.69,14.32
2005-01-11,Dow Jones,4730.22,4716.88,4774.72,4670.9400000000005,871699083,3.11,6.5,2.05
2005-01-12,S&P 500,1474.58,1486.49,1498.74,1454.55,731579272,-3.52,6.76,14.7
2005-01-13,S&P 500,4735.0,4700.94,4771.48,4691.32,187164639,-0.22,6.25,11.48
2005-01-14,Dow Jones,3735.47,3782.27,3822.82,3721.93,284688138,2.91,6.23,6.27
2005-01-15,NASDAQ,3126.29,3167.7599999999998,3210.7099999999996,3083.59,82704164,9.2,1.47,11.07
2005-01-16,Dow Jones,1130.64,1097.3400000000001,1180.22,1068.7600000000002,596318935,0.87,5.44,12.63
2005-01-17,NASDAQ,2902.38,2864.5,2917.08,2841.75,721506630,-4.03,3.86,5.19
2005-01-18,NASDAQ,2630.99,2589.5299999999997,2666.5,2582.0499999999997,260665991,0.82,4.43,12.02
2005-01-19,Dow Jones,1644.88,1685.8200000000002,1691.5900000000001,1622.39,451019552,-2.81,5.24,12.46
2005-01-20,Dow Jones,3625.64,3595.0,3645.98,3581.08,359156760,-1.55,1.28,5.24
2005-01-21,Dow Jones,4884.6,4876.2300000000005,4927.0,4829.070000000001,813687232,4.27,3.59,2.55
2005-01-22,S&P 500,3248.76,3243.65,3267.1400000000003,3199.4500000000003,980521154,-3.99,0.63,4.65
2005-01-23,NASDAQ,3859.01,3868.9100000000003,3898.4600000000005,3854.8100000000004,344525735,1.97,9.8,4.61
2005-01-24,S&P 500,1273.8,1230.97,1298.99,1205.14,211344475,4.14,1.19,2.85
2005-01-25,S&P 500,2670.67,2643.35,2702.9700000000003,2632.1,851745952,1.33,2.59,11.44
2005-01-26,Dow Jones,1465.43,1508.5800000000002,1557.2200000000003,1444.89,639356525,-4.71,8.91,6.94
2005-01-27,S&P 500,3451.18,3492.02,3494.81,3407.3399999999997,202291776,9.78,4.83,13.5
2005-01-28,Dow Jones,4753.93,4782.06,4810.76,4727.55,36672741,0.51,1.36,5.28
2005-01-29,NASDAQ,3647.11,3599.05,3690.26,3582.34,649039642,6.68,3.84,7.89
2005-01-30,Dow Jones,1307.21,1289.91,1331.28,1279.52,284672165,-0.12,1.16,10.31
2005-01-31,S&P 500,2418.66,2431.46,2435.39,2378.64,764638050,2.13,2.0,13.41
2005-02-01,S&P 500,3202.65,3180.17,3230.6800000000003,3148.94,191707145,0.83,0.52,8.82
2005-02-02,Dow Jones,2612.83,2653.79,2670.39,2589.43,221072139,0.14,4.38,6.86
2005-02-03,Dow Jones,4334.58,4347.97,4355.72,4323.71,200439561,-4.67,8.07,13.27
2005-02-04,S&P 500,4258.68,4215.87,4301.13,4199.16,786814069,0.4,5.86,6.03
2005-02-05,NASDAQ,3447.32,3488.2200000000003,3514.3,3399.3300000000004,630107169,8.34,6.06,3.03
2005-02-06,NASDAQ,2493.83,2539.61,2586.27,2467.83,5634391,5.36,2.01,7.79
2005-02-07,Dow Jones,2021.35,1979.12,2061.65,1959.09,661034046,-2.82,3.44,12.21
2005-02-08,NASDAQ,1423.5,1426.74,1461.39,1397.43,484268885,3.87,8.45,2.4
2005-02-09,S&P 500,2419.59,2399.9300000000003,2419.84,2360.9800000000005,851288655,8.38,0.88,9.62
2005-02-10,Dow Jones,2652.69,2641.9700000000003,2674.08,2624.96,270151756,5.5,8.58,9.73
2005-02-11,S&P 500,3703.29,3671.2599999999998,3713.16,3662.3199999999997,734440355,-2.77,4.84,14.07
2005-02-12,S&P 500,3632.64,3640.45,3685.99,3603.39,358781859,8.02,8.37,5.72
2005-02-13,NASDAQ,1280.43,1326.23,1334.96,1247.17,824759677,-0.48,3.18,5.62
2005-02-14,Dow Jones,2581.04,2581.35,2595.65,2545.4,798061034,1.81,3.39,7.73
2005-02-15,Dow Jones,1727.12,1685.4099999999999,1752.9599999999998,1641.31,943007373,2.89,7.52,6.64
2005-02-16,NASDAQ,1627.25,1639.25,1652.42,1608.69,202845663,7.76,7.85,11.57
2005-02-17,S&P 500,4309.21,4293.2300000000005,4319.7,4289.46,34776706,8.97,2.3,10.34
2005-02-18,S&P 500,1167.66,1203.25,1233.2,1119.74,29461914,8.94,9.73,11.87
2005-02-19,S&P 500,2676.73,2670.2,2681.18,2648.45,281905426,-4.88,0.84,12.66
2005-02-20,S&P 500,1672.81,1642.09,1675.72,1610.9299999999998,735826709,8.83,0.69,14.0
2005-02-21,Dow Jones,4517.32,4486.429999999999,4535.929999999999,4453.11,18032888,-4.18,5.96,7.6
2005-02-22,Dow Jones,3228.16,3255.04,3291.07,3200.83,893977600,-1.01,7.23,14.8
2005-02-23,NASDAQ,1925.52,1902.08,1953.26,1891.82,873565700,2.72,9.61,4.8
2005-02-24,NASDAQ,3009.71,3036.43,3057.5699999999997,2971.95,85340144,2.2,4.05,11.29
2005-02-25,Dow Jones,3925.95,3896.54,3954.24,3856.35,291145824,4.07,0.25,8.94
2005-02-26,Dow Jones,4832.47,4814.64,4850.740000000001,4786.990000000001,447753906,2.19,6.03,12.62
2005-02-27,S&P 500,1881.78,1878.33,1928.59,1853.8999999999999,737295698,9.02,2.9,8.2
2005-02-28,S&P 500,4544.73,4589.049999999999,4591.799999999999,4539.03,66827525,-1.39,4.33,12.19
2005-03-01,NASDAQ,4737.22,4780.39,4814.06,4733.02,939652027,-0.89,4.88,14.09
2005-03-02,Dow Jones,4665.68,4636.37,4710.240000000001,4619.39,268754638,8.81,0.65,11.52
2005-03-03,NASDAQ,3541.66,3527.48,3581.85,3511.94,504995107,-3.85,4.86,12.09
2005-03-04,Dow Jones,3519.28,3484.2200000000003,3528.48,3436.5400000000004,139001015,4.14,4.26,2.87
2005-03-05,S&P 500,2612.84,2613.84,2628.6400000000003,2573.6600000000003,425138592,5.23,7.13,4.66
2005-03-06,NASDAQ,4009.59,4005.65,4045.44,3972.65,905897559,2.58,6.46,14.67
2005-03-07,NASDAQ,3125.18,3165.2599999999998,3169.47,3099.2999999999997,50476122,5.41,1.85,11.01
2005-03-08,Dow Jones,3709.75,3752.75,3793.34,3701.38,345595376,-2.41,2.06,9.3
2005-03-09,S&P 500,2713.83,2702.19,2749.7799999999997,2653.27,888716938,7.79,2.51,6.77
2005-03-10,NASDAQ,3925.99,3925.16,3962.47,3906.41,581252400,-2.9,1.79,2.58
2005-03-11,S&P 500,4297.89,4337.51,4342.52,4292.54,828863574,1.01,6.57,6.8
2005-03-12,NASDAQ,1585.75,1616.42,1652.3100000000002,1561.06,666834144,-3.87,9.94,8.49
2005-03-13,S&P 500,4331.72,4282.09,4365.71,4238.39,810157672,3.18,6.52,4.75
2005-03-14,Dow Jones,3161.19,3143.2000000000003,3202.7400000000002,3098.84,851300653,5.05,6.07,4.25
2005-03-15,NASDAQ,4378.66,4370.84,4380.74,4370.29,97141038,9.12,4.1,8.61
2005-03-16,NASDAQ,2725.21,2698.18,2726.37,2653.87,520496247,6.09,3.13,9.62
2005-03-17,S&P 500,2516.16,2486.12,2534.81,2472.5499999999997,353454044,3.12,9.11,5.12
2005-03-18,S&P 500,4660.24,4614.0199999999995,4667.679999999999,4612.07,779498462,8.99,9.69,9.64
2005-03-19,NASDAQ,2004.68,2019.02,2046.94,1962.29,360592384,2.18,4.97,13.7
2005-03-20,Dow Jones,4376.85,4353.1,4422.72,4309.910000000001,751105185,3.42,2.9,8.15
2005-03-21,S&P 500,2936.08,2891.31,2955.65,2861.5,100379857,3.94,7.7,13.15
2005-03-22,S&P 500,3056.38,3029.48,3098.63,3000.76,445946385,1.15,1.32,14.05
2005-03-23,S&P 500,2233.87,2264.06,2264.07,2193.21,430225733,7.58,7.66,3.2
2005-03-24,NASDAQ,3292.17,3327.32,3335.75,3252.85,185633779,-2.22,8.19,3.25
2005-03-25,NASDAQ,2300.84,2299.15,2302.36,2254.64,564453479,3.32,1.25,8.19
2005-03-26,NASDAQ,1157.08,1148.6899999999998,1173.49,1121.0499999999997,275911936,5.83,9.77,9.65
2005-03-27,NASDAQ,2087.99,2135.7799999999997,2181.1899999999996,2039.6099999999997,233806638,8.56,9.86,7.54
2005-03-28,Dow Jones,1025.52,995.5799999999999,1030.37,945.77,92976745,8.26,9.37,6.24
2005-03-29,Dow Jones,4913.42,4884.96,4943.74,4879.13,664114461,2.63,4.96,10.33
2005-03-30,NASDAQ,4862.99,4842.179999999999,4885.5599999999995,4799.7,627355907,4.65,2.46,2.03
2005-03-31,Dow Jones,2580.62,2547.9,2627.54,2522.9100000000003,994155081,0.91,5.82,14.58
2005-04-01,S&P 500,3913.48,3901.42,3919.61,3882.04,500518186,2.02,4.2,5.02
2005-04-02,S&P 500,2383.22,2424.2999999999997,2434.8999999999996,2352.5699999999997,715532676,8.59,2.06,13.92
2005-04-03,S&P 500,3684.37,3695.9,3697.38,3681.5699999999997,625667912,8.96,4.24,3.42
2005-04-04,NASDAQ,4221.72,4212.91,4243.42,4187.59,671203460,8.43,6.64,5.1
2005-04-05,S&P 500,4787.02,4830.46,4844.35,4743.4800000000005,849354748,-2.92,0.71,5.05
2005-04-06,Dow Jones,2600.85,2555.7,2644.35,2545.0299999999997,762821322,7.75,3.33,14.95
2005-04-07,NASDAQ,4133.19,4104.219999999999,4163.44,4082.899999999999,178252194,9.23,0.18,2.06
2005-04-08,Dow Jones,2063.71,2070.3,2101.0,2016.74,979203354,0.42,7.49,10.32
2005-04-09,S&P 500,4961.33,4972.89,4999.490000000001,4939.9,726217475,2.78,6.41,13.31
2005-04-10,S&P 500,1103.08,1057.04,1107.6699999999998,1039.12,786728585,6.69,0.63,10.74
2005-04-11,S&P 500,3414.12,3404.42,3436.37,3382.39,469502118,3.43,9.65,6.72
2005-04-12,NASDAQ,3638.02,3652.94,3702.92,3612.05,659848992,9.9,0.23,14.46
2005-04-13,Dow Jones,3752.18,3771.99,3813.75,3720.58,247163066,1.84,5.9,13.62
2005-04-14,NASDAQ,1481.55,1495.36,1540.03,1441.52,993699493,5.71,7.76,7.64
2005-04-15,NASDAQ,4754.12,4736.18,4795.28,4713.570000000001,575988551,6.89,7.88,9.45
2005-04-16,S&P 500,1724.73,1684.08,1729.88,1643.21,370601456,2.41,0.34,14.58
2005-04-17,NASDAQ,3491.01,3483.7200000000003,3502.38,3457.03,953808343,7.85,9.06,14.77
2005-04-18,NASDAQ,1890.7,1853.5800000000002,1890.8600000000001,1836.66,239223334,3.19,9.18,7.85
2005-04-19,S&P 500,2228.87,2273.63,2288.81,2195.97,511460064,1.17,5.61,13.02
2005-04-20,NASDAQ,3185.83,3183.35,3191.2599999999998,3147.46,550086440,-3.38,4.82,5.93
2005-04-21,S&P 500,2668.77,2650.5,2692.41,2622.6,709016618,0.9,0.45,6.83
2005-04-22,S&P 500,1640.9,1667.5300000000002,1701.39,1638.0700000000002,960010578,6.01,5.62,4.14
2005-04-23,S&P 500,1683.75,1683.54,1727.48,1675.05,149861697,8.82,4.09,4.72
2005-04-24,S&P 500,2672.58,2653.58,2710.04,2639.3199999999997,226599798,-1.22,7.73,10.54
2005-04-25,NASDAQ,4029.13,4060.33,4107.26,4015.0,87736522,0.33,4.04,8.64
2005-04-26,S&P 500,4591.86,4628.58,4631.2699999999995,4558.19,832135970,-2.69,6.84,5.0
2005-04-27,S&P 500,1336.51,1353.81,1354.4199999999998,1335.59,682173264,5.36,1.01,7.24
2005-04-28,NASDAQ,2572.42,2527.12,2605.4900000000002,2489.3399999999997,39280105,9.4,1.33,6.85
2005-04-29,NASDAQ,1400.98,1407.6100000000001,1422.0800000000002,1387.71,609538940,4.61,1.4,14.84
2005-04-30,Dow Jones,1066.37,1092.6999999999998,1105.3799999999999,1050.87,811166146,4.26,0.46,13.1
2005-05-01,NASDAQ,3646.87,3610.52,3663.41,3584.12,932908693,3.3,5.41,7.04
2005-05-02,NASDAQ,3409.8,3382.67,3423.29,3371.87,813927266,-3.67,7.94,13.88
2005-05-03,Dow Jones,1652.08,1690.33,1715.8999999999999,1607.86,355768340,5.94,6.1,6.45
2005-05-04,NASDAQ,1935.25,1887.26,1957.26,1882.99,283983128,4.03,5.75,10.68
2005-05-05,NASDAQ,1094.83,1120.1,1145.7199999999998,1072.61,616511910,4.92,6.81,14.57
2005-05-06,NASDAQ,4339.79,4337.17,4373.43,4294.7,939493505,8.48,3.4,7.07
2005-05-07,NASDAQ,4898.76,4893.4400000000005,4918.12,4862.650000000001,840259904,6.76,3.62,10.84
2005-05-08,Dow Jones,1541.84,1492.55,1554.4099999999999,1477.93,699289798,6.71,3.14,5.85
2005-05-09,NASDAQ,1925.9,1957.8400000000001,1966.15,1904.8600000000001,452378579,8.91,7.12,5.46
2005-05-10,NASDAQ,4473.64,4459.62,4491.110000000001,4424.29,69539818,9.85,1.62,9.46
2005-05-11,Dow Jones,4705.86,4709.94,4747.03,4657.2,876382661,3.72,0.13,14.73
2005-05-12,S&P 500,2678.51,2696.2400000000002,2734.0800000000004,2633.8500000000004,517809270,-3.37,5.96,7.89
2005-05-13,Dow Jones,1202.49,1222.75,1256.1,1185.3700000000001,560565667,1.89,9.42,14.19
2005-05-14,S&P 500,1157.57,1203.1699999999998,1214.87,1107.6599999999999,112074034,6.81,6.09,13.89
2005-05-15,Dow Jones,3295.8,3298.9300000000003,3328.3300000000004,3295.6200000000003,170976059,-4.58,7.83,5.3
2005-05-16,Dow Jones,2571.58,2561.5499999999997,2600.11,2560.1699999999996,361732180,-4.15,6.73,7.22
2005-05-17,NASDAQ,1114.61,1159.9799999999998,1184.1899999999998,1073.4199999999998,225651570,-3.99,4.97,10.36
2005-05-18,S&P 500,3333.01,3347.2200000000003,3374.7200000000003,3323.0400000000004,603623405,5.97,7.18,8.73
2005-05-19,NASDAQ,1045.21,1025.03,1069.8,1021.99,953482659,2.52,8.24,3.25
2005-05-20,S&P 500,4149.49,4112.139999999999,4177.76,4100.28,741288775,0.53,2.25,14.92
2005-05-21,Dow Jones,2225.73,2259.9900000000002,2295.7700000000004,2204.42,137603715,-3.42,3.36,11.78
2005-05-22,Dow Jones,1161.03,1147.25,1166.51,1110.72,602463914,5.98,2.24,7.69
2005-05-23,S&P 500,3353.41,3369.46,3406.94,3322.19,865009615,-0.18,4.52,10.04
2005-05-24,NASDAQ,2590.74,2587.8199999999997,2597.5299999999997,2575.9399999999996,734234754,-1.02,8.85,3.14
2005-05-25,NASDAQ,4895.2,4865.09,4898.53,4839.93,497659654,4.78,3.45,8.44
2005-05-26,NASDAQ,3176.79,3186.96,3235.76,3130.48,648807489,3.39,3.74,14.1
2005-05-27,NASDAQ,2100.96,2057.03,2148.81,2016.2800000000002,810089792,0.44,8.6,13.66
2005-05-28,Dow Jones,3837.76,3829.09,3840.78,3812.9300000000003,56222713,4.62,5.15,6.39
2005-05-29,Dow Jones,2085.97,2090.6299999999997,2112.7899999999995,2036.86,73425472,-0.93,5.35,8.91
2005-05-30,Dow Jones,4616.97,4610.570000000001,4626.280000000001,4575.14,473357221,6.92,8.61,11.07
2005-05-31,Dow Jones,2498.89,2523.7599999999998,2548.0299999999997,2495.77,652162738,-1.56,4.91,6.42
2005-06-01,Dow Jones,3199.47,3232.2599999999998,3273.77,3197.7099999999996,489162182,-2.62,6.82,2.84
2005-06-02,NASDAQ,1202.29,1229.4099999999999,1276.9399999999998,1193.87,396482711,6.74,0.86,8.57
2005-06-03,NASDAQ,2704.48,2658.36,2736.19,2621.9700000000003,345335556,5.62,1.79,9.82
2005-06-04,NASDAQ,4329.45,4298.86,4347.15,4289.67,829980827,-2.26,4.04,2.08
2005-06-05,NASDAQ,4222.6,4226.26,4256.43,4197.030000000001,430574417,-3.26,4.95,3.24
2005-06-06,Dow Jones,1897.27,1940.75,1956.35,1892.61,224183703,7.58,9.66,4.69
2005-06-07,Dow Jones,1904.32,1937.82,1983.31,1858.28,825247289,6.65,9.71,6.52
2005-06-08,Dow Jones,4269.22,4303.47,4346.990000000001,4252.02,15161055,-0.09,8.51,9.03
2005-06-09,S&P 500,4721.59,4701.91,4749.5,4656.5,125725420,4.87,3.16,5.82
2005-06-10,NASDAQ,1381.44,1374.38,1397.68,1327.14,842227808,-3.14,9.64,5.59
2005-06-11,NASDAQ,2800.23,2797.3,2814.9,2796.9900000000002,506691593,2.61,6.89,13.3
2005-06-12,Dow Jones,2349.82,2315.56,2351.4900000000002,2292.35,605335536,-4.72,3.93,3.89
2005-06-13,NASDAQ,4482.75,4435.86,4523.54,4434.63,495853024,0.87,7.02,8.44
2005-06-14,NASDAQ,1334.1,1378.79,1401.31,1288.6699999999998,839212064,-3.88,0.17,14.39
2005-06-15,Dow Jones,1844.5,1818.57,1860.76,1792.6499999999999,540390406,2.13,1.46,10.13
2005-06-16,S&P 500,4009.87,3983.8599999999997,4033.43,3980.1099999999997,787383043,1.33,8.3,11.32
2005-06-17,S&P 500,1205.18,1163.52,1246.1200000000001,1158.01,14187867,1.67,6.46,7.61
2005-06-18,S&P 500,2970.14,3012.99,3019.22,2950.96,969528470,-4.32,3.64,2.26
2005-06-19,Dow Jones,2768.43,2776.3999999999996,2819.2799999999997,2721.4199999999996,333064052,0.42,5.01,10.4
2005-06-20,NASDAQ,2337.6,2354.2999999999997,2399.18,2302.95,492435743,6.35,9.05,10.22
2005-06-21,Dow Jones,2578.29,2619.45,2666.79,2534.91,783996011,0.53,6.32,3.44
2005-06-22,Dow Jones,3119.76,3104.32,3139.63,3086.0,121281935,5.73,3.98,8.01
2005-06-23,NASDAQ,1645.47,1657.6200000000001,1668.48,1643.31,436971565,0.54,1.2,13.9
2005-06-24,S&P 500,3287.98,3241.86,3306.66,3193.1400000000003,781775862,1.35,2.94,4.67
2005-06-25,S&P 500,4221.73,4190.41,4238.379999999999,4189.55,966331593,3.46,9.78,7.99
2005-06-26,Dow Jones,4040.64,4073.7599999999998,4082.5699999999997,3993.2599999999998,99729741,9.26,4.37,7.99
2005-06-27,S&P 500,1615.6,1642.28,1672.6399999999999,1597.1699999999998,122663846,-3.37,4.72,12.54
2005-06-28,Dow Jones,1597.0,1582.06,1620.83,1581.56,186642019,-4.51,4.99,12.72
2005-06-29,Dow Jones,2072.7,2060.3799999999997,2115.99,2025.9199999999996,775358049,4.12,8.84,11.87
2005-06-30,NASDAQ,2444.3,2447.6600000000003,2449.2700000000004,2395.27,398284439,9.24,6.04,6.75
2005-07-01,NASDAQ,2633.82,2583.84,2666.01,2535.56,651979985,9.85,6.94,2.94
2005-07-02,NASDAQ,3718.79,3692.91,3756.94,3684.8599999999997,331065935,2.26,3.89,6.54
2005-07-03,Dow Jones,1226.72,1197.54,1264.69,1188.48,727010600,2.02,0.29,10.84
2005-07-04,NASDAQ,1138.69,1113.74,1182.99,1085.46,614941668,4.67,9.31,11.14
2005-07-05,S&P 500,2567.64,2598.23,2634.68,2535.77,571913320,3.33,9.49,14.55
2005-07-06,S&P 500,3788.65,3766.62,3835.04,3729.65,730828094,4.51,9.49,7.9
2005-07-07,Dow Jones,1773.74,1742.89,1790.3700000000001,1733.8400000000001,311283032,8.11,9.44,10.22
2005-07-08,Dow Jones,3566.02,3566.45,3591.6099999999997,3518.07,945419965,6.19,8.15,9.01
2005-07-09,NASDAQ,2039.31,2075.87,2076.5699999999997,2007.37,505448007,2.45,6.85,3.96
2005-07-10,Dow Jones,4544.34,4518.47,4544.6900000000005,4476.12,575332375,1.93,8.45,8.0
2005-07-11,Dow Jones,4582.76,4540.610000000001,4594.77,4513.610000000001,963348499,4.59,6.01,9.08
2005-07-12,S&P 500,2189.15,2174.79,2194.19,2154.08,512775599,1.84,1.34,14.36
2005-07-13,S&P 500,1919.98,1944.75,1957.76,1871.1200000000001,763931037,1.87,3.91,6.77
2005-07-14,NASDAQ,2645.22,2650.29,2659.14,2616.1099999999997,909345853,-4.76,9.71,14.74
2005-07-15,Dow Jones,1962.13,1993.8100000000002,1995.2400000000002,1918.7900000000002,431112145,-2.39,3.51,9.05
2005-07-16,Dow Jones,3689.54,3735.5,3780.97,3641.88,235899267,2.33,8.68,5.15
2005-07-17,S&P 500,4304.26,4333.530000000001,4333.9400000000005,4270.49,247955183,7.34,0.93,4.49
2005-07-18,Dow Jones,3692.37,3702.75,3739.55,3664.92,541473059,-0.82,3.34,3.84
2005-07-19,S&P 500,4297.4,4296.73,4305.009999999999,4296.549999999999,581850629,2.84,3.51,7.89
2005-07-20,NASDAQ,2587.97,2541.98,2633.58,2539.98,848054658,0.17,0.52,2.29
2005-07-21,S&P 500,1625.27,1673.7,1718.3400000000001,1615.23,410625489,-3.43,1.19,7.79
2005-07-22,Dow Jones,3951.8,3940.15,3984.5,3930.85,301234094,9.37,1.93,14.85
2005-07-23,NASDAQ,2441.9,2407.12,2475.51,2394.38,399317031,7.82,8.38,10.71
2005-07-24,S&P 500,3685.08,3701.75,3702.02,3669.83,454871633,-3.82,0.63,11.88
2005-07-25,S&P 500,2082.58,2061.0099999999998,2131.8199999999997,2043.0099999999998,971569783,5.8,2.99,3.55
2005-07-26,NASDAQ,1324.92,1333.5,1377.39,1303.89,497192406,0.21,0.1,8.15
2005-07-27,NASDAQ,4970.33,4979.01,5023.77,4965.39,600012386,9.92,6.96,5.72
2005-07-28,S&P 500,1624.81,1619.3799999999999,1657.77,1617.26,328859077,-0.46,6.2,13.62
2005-07-29,Dow Jones,4953.68,4987.29,5004.53,4919.9800000000005,890068149,-1.42,6.45,4.36
2005-07-30,S&P 500,4909.12,4885.62,4953.8,4858.75,668120409,3.52,3.74,7.96
2005-07-31,NASDAQ,4175.27,4170.13,4189.85,4147.92,645869885,7.53,2.08,9.64
2005-08-01,S&P 500,3637.69,3641.46,3669.6,3605.9700000000003,399796348,-2.11,7.2,8.68
2005-08-02,NASDAQ,3311.23,3327.59,3332.58,3269.85,588890263,5.64,8.11,12.79
2005-08-03,NASDAQ,4464.41,4492.8099999999995,4538.91,4443.03,799331226,-4.08,1.39,5.01
2005-08-04,Dow Jones,2157.76,2147.2400000000002,2164.8,2115.1800000000003,230712927,8.78,4.87,6.91
2005-08-05,NASDAQ,2870.72,2885.3199999999997,2896.5599999999995,2823.04,884340171,-3.78,2.49,12.3
2005-08-06,NASDAQ,3477.56,3442.62,3505.47,3400.64,254666303,8.71,1.68,8.86
2005-08-07,Dow Jones,2644.76,2688.0200000000004,2726.2200000000003,2623.46,458870468,2.36,7.34,7.23
2005-08-08,NASDAQ,2709.95,2698.2599999999998,2740.9199999999996,2666.02,728990847,1.72,5.38,2.38
2005-08-09,Dow Jones,2321.14,2344.0899999999997,2355.7,2312.29,404161286,9.6,2.16,11.79
2005-08-10,Dow Jones,3256.93,3208.96,3256.98,3180.93,115646271,9.86,3.1,14.64
2005-08-11,NASDAQ,4402.3,4372.820000000001,4440.16,4323.750000000001,424789909,4.75,9.67,10.06
2005-08-12,NASDAQ,1806.11,1804.82,1855.37,1778.8999999999999,928162010,-3.09,8.49,13.14
2005-08-13,S&P 500,4737.73,4775.5599999999995,4816.0599999999995,4691.349999999999,248747814,2.59,8.8,8.72
2005-08-14,Dow Jones,3756.35,3759.08,3782.09,3735.98,646880108,2.94,4.6,5.01
2005-08-15,S&P 500,4293.09,4336.08,4381.2699999999995,4243.150000000001,801605176,2.72,6.24,2.19
2005-08-16,NASDAQ,3224.76,3223.1400000000003,3245.25,3194.1800000000003,701599842,3.54,3.77,10.49
2005-08-17,S&P 500,4118.07,4117.11,4144.32,4115.0,260883033,-4.72,0.78,8.41
2005-08-18,Dow Jones,1064.8,1026.77,1088.6599999999999,997.43,267724886,5.67,4.01,12.17
2005-08-19,S&P 500,4273.52,4303.790000000001,4326.170000000001,4259.790000000001,500027596,5.69,5.94,11.03
2005-08-20,Dow Jones,1160.56,1135.26,1199.32,1133.64,970506265,-3.27,2.87,14.84
2005-08-21,NASDAQ,4559.65,4599.61,4625.95,4518.61,571396034,3.55,8.48,8.63
2005-08-22,NASDAQ,4967.85,5008.93,5024.77,4954.06,113422172,3.53,1.51,7.55
2005-08-23,Dow Jones,2176.27,2220.6,2233.5099999999998,2136.44,301407233,5.24,3.67,5.73
2005-08-24,NASDAQ,1841.27,1843.29,1845.18,1826.86,550824831,-3.72,1.25,8.2
2005-08-25,NASDAQ,4061.45,4079.16,4108.32,4051.73,727300827,4.4,4.05,13.35
2005-08-26,NASDAQ,2012.11,2039.9599999999998,2051.46,1963.4099999999999,965846038,-0.79,0.4,2.55
2005-08-27,NASDAQ,4462.25,4425.35,4469.66,4407.27,357510115,2.61,2.73,14.71
2005-08-28,Dow Jones,1411.37,1421.4699999999998,1454.1599999999999,1381.3,250715824,6.6,4.01,14.91
2005-08-29,S&P 500,1503.82,1457.25,1537.8799999999999,1426.75,632660421,5.58,4.78,9.77
2005-08-30,S&P 500,4916.61,4916.37,4954.219999999999,4888.349999999999,842486986,-3.22,5.44,6.31
2005-08-31,NASDAQ,3695.36,3660.84,3720.54,3615.11,67280869,3.87,2.75,4.9
2005-09-01,S&P 500,4387.55,4355.84,4432.25,4322.12,299443637,9.54,5.23,5.59
2005-09-02,S&P 500,2297.32,2283.82,2344.1400000000003,2263.63,659594626,-2.65,5.09,2.65
2005-09-03,NASDAQ,3705.93,3699.1699999999996,3746.2999999999997,3656.0499999999997,941352363,7.79,3.16,8.18
2005-09-04,NASDAQ,3376.97,3389.29,3421.07,3367.9199999999996,37447149,5.54,8.3,2.75
2005-09-05,S&P 500,3412.6,3370.04,3427.79,3342.83,50908705,6.61,5.46,11.34
2005-09-06,Dow Jones,3730.13,3730.5,3779.65,3682.6,931651733,-0.77,3.32,6.84
2005-09-07,NASDAQ,3301.44,3269.7000000000003,3315.15,3238.4300000000003,738023260,-0.68,9.47,4.59
2005-09-08,Dow Jones,2716.25,2723.65,2733.78,2675.4,332514427,8.59,8.45,9.08
2005-09-09,S&P 500,2103.69,2117.43,2139.54,2071.01,721662581,0.4,9.83,14.66
2005-09-10,NASDAQ,4074.33,4080.0,4082.84,4032.36,733635740,-4.05,6.92,11.04
2005-09-11,Dow Jones,1905.09,1928.9199999999998,1977.84,1857.87,491123588,4.01,3.78,8.39
2005-09-12,NASDAQ,3769.42,3752.98,3798.84,3739.33,621149705,-3.13,2.81,12.1
2005-09-13,S&P 500,1933.33,1959.84,1987.6899999999998,1924.85,472002569,6.95,6.63,11.59
2005-09-14,Dow Jones,3501.32,3494.6000000000004,3534.11,3470.4000000000005,246584756,4.63,9.81,13.59
2005-09-15,S&P 500,3988.31,3986.73,4013.16,3951.64,296825672,8.12,6.27,4.66
2005-09-16,S&P 500,1874.86,1889.6699999999998,1891.2699999999998,1863.5,417457085,6.77,8.82,13.17
2005-09-17,NASDAQ,1239.77,1191.61,1270.3899999999999,1191.3999999999999,758335252,-3.32,3.29,5.91
2005-09-18,Dow Jones,1523.89,1539.2900000000002,1575.1000000000001,1506.74,297552780,0.72,4.07,14.23
2005-09-19,S&P 500,3423.99,3435.85,3456.69,3375.5499999999997,681369161,6.62,9.06,5.65
2005-09-20,S&P 500,4397.79,4378.7699999999995,4435.65,4344.0199999999995,154220453,1.26,7.57,14.05
2005-09-21,Dow Jones,1179.99,1138.57,1191.34,1118.5,480475914,9.59,9.81,14.53
2005-09-22,S&P 500,3936.61,3895.7000000000003,3947.67,3886.07,59076867,6.04,7.75,3.89
2005-09-23,S&P 500,2365.27,2407.59,2415.6600000000003,2347.47,821488249,-4.77,4.49,14.67
2005-09-24,Dow Jones,2914.11,2933.04,2951.64,2905.6200000000003,471386157,8.2,5.31,3.11
2005-09-25,Dow Jones,4715.44,4678.15,4757.79,4672.83,447121469,-3.49,9.01,4.84
2005-09-26,Dow Jones,2327.89,2313.56,2369.29,2268.22,822597951,-2.89,5.52,7.77
2005-09-27,Dow Jones,2861.35,2870.6,2889.74,2811.47,960130846,6.02,2.55,14.92
2005-09-28,NASDAQ,1054.73,1088.29,1117.75,1046.52,101199792,7.97,4.36,8.35
2005-09-29,Dow Jones,1326.39,1280.76,1362.43,1278.03,611655923,3.05,5.16,9.16
2005-09-30,NASDAQ,2034.37,2008.03,2046.4299999999998,1991.54,603787233,-0.66,0.97,11.03
2005-10-01,NASDAQ,1111.41,1150.38,1158.7900000000002,1088.3300000000002,863908265,0.27,7.44,14.59
2005-10-02,NASDAQ,3525.5,3476.42,3574.1,3466.1800000000003,938595426,0.14,1.09,12.18
2005-10-03,S&P 500,2705.59,2675.73,2736.4700000000003,2660.66,890545574,-0.1,4.05,4.91
2005-10-04,NASDAQ,3192.58,3238.48,3287.55,3182.54,464915110,-1.36,8.05,5.94
2005-10-05,NASDAQ,1698.59,1709.9299999999998,1726.82,1659.8799999999999,910634720,4.13,4.68,3.27
2005-10-06,S&P 500,2183.73,2159.9,2218.88,2124.27,397776647,8.51,8.42,10.38
2005-10-07,S&P 500,3655.3,3612.0,3666.4300000000003,3580.25,72552694,-0.39,3.42,4.35
2005-10-08,S&P 500,4861.21,4814.03,4874.27,4794.67,635230701,-2.2,9.58,5.35
2005-10-09,Dow Jones,1201.67,1176.14,1227.27,1130.69,693072845,7.58,2.09,13.55
2005-10-10,S&P 500,4561.54,4599.69,4615.669999999999,4513.06,930388257,6.13,0.38,6.25
2005-10-11,S&P 500,3307.52,3299.11,3315.9,3290.4300000000003,125522887,8.96,8.72,9.37
2005-10-12,NASDAQ,3255.68,3277.71,3290.85,3244.5299999999997,483094834,-2.52,7.52,7.17
2005-10-13,S&P 500,3001.11,3042.94,3044.73,2974.83,90028713,-2.84,2.32,2.96
2005-10-14,Dow Jones,1277.58,1268.3799999999999,1312.8,1263.82,649683078,3.12,9.85,6.72
2005-10-15,S&P 500,1359.51,1328.64,1384.12,1306.8200000000002,474884236,4.22,5.02,7.3
2005-10-16,Dow Jones,3403.65,3405.36,3410.07,3374.56,697697909,2.2,9.51,13.64
2005-10-17,S&P 500,2363.83,2404.64,2413.22,2337.73,119048020,3.98,5.05,6.22
2005-10-18,S&P 500,4669.07,4699.509999999999,4704.639999999999,4652.5199999999995,660859566,-2.29,4.72,6.93
2005-10-19,S&P 500,2626.36,2582.94,2656.9900000000002,2555.82,102771487,2.19,4.49,12.18
2005-10-20,S&P 500,1573.13,1592.39,1597.1000000000001,1525.19,287865482,4.87,3.35,11.87
2005-10-21,Dow Jones,3858.88,3866.07,3903.78,3848.58,84089913,1.49,5.34,12.38
2005-10-22,Dow Jones,2173.41,2214.16,2215.19,2140.67,790175309,5.19,4.53,14.4
2005-10-23,NASDAQ,3101.88,3064.13,3114.35,3061.96,298721802,1.77,0.37,12.34
2005-10-24,Dow Jones,3791.33,3794.73,3839.26,3788.0099999999998,172719425,0.0,2.6,7.3
2005-10-25,S&P 500,4601.06,4639.01,4674.9400000000005,4573.47,905808929,-0.45,2.13,12.68
2005-10-26,NASDAQ,4168.76,4159.76,4172.41,4154.51,492621564,1.16,8.67,8.61
2005-10-27,NASDAQ,3705.44,3703.64,3746.5,3702.52,995754923,-4.65,5.99,5.61
2005-10-28,NASDAQ,3718.53,3675.5800000000004,3743.1800000000003,3667.0000000000005,515898158,5.03,7.64,5.94
2005-10-29,S&P 500,4783.7,4761.51,4826.04,4733.27,909440976,7.68,9.57,4.91
2005-10-30,Dow Jones,2183.3,2165.75,2213.34,2130.58,742065549,0.32,6.44,3.88
2005-10-31,S&P 500,1004.45,1048.96,1083.05,994.33,723652120,-4.31,9.83,4.4
2005-11-01,NASDAQ,2087.82,2066.09,2137.5,2032.68,350652271,9.8,3.12,2.82
2005-11-02,S&P 500,1871.57,1867.6599999999999,1883.1899999999998,1858.54,855387802,-1.04,1.86,13.55
2005-11-03,S&P 500,3647.34,3664.4700000000003,3695.67,3616.67,810263495,-3.1,4.03,14.1
2005-11-04,Dow Jones,3534.85,3501.0699999999997,3557.87,3480.47,974919248,0.55,4.71,9.63
2005-11-05,Dow Jones,3373.85,3372.49,3375.8199999999997,3339.7999999999997,903552516,6.08,8.95,12.93
2005-11-06,NASDAQ,1064.97,1088.82,1089.54,1015.22,152119883,-0.59,5.6,4.39
2005-11-07,S&P 500,3915.11,3951.8,3957.76,3868.2200000000003,51171045,3.62,2.92,13.72
2005-11-08,S&P 500,2294.12,2306.75,2339.2,2293.91,257141310,1.23,7.43,8.58
2005-11-09,Dow Jones,3660.22,3677.1299999999997,3705.49,3615.95,810021585,-3.23,5.06,2.87
2005-11-10,S&P 500,3226.31,3188.94,3253.98,3185.62,531523417,-0.05,1.62,3.84
2005-11-11,S&P 500,2370.92,2415.5,2417.09,2323.27,489128478,5.87,5.77,6.02
2005-11-12,S&P 500,1538.31,1501.57,1561.78,1487.48,334239844,4.18,9.11,2.57
2005-11-13,Dow Jones,1377.68,1405.15,1451.38,1358.5800000000002,880541829,-3.2,8.43,6.02
2005-11-14,NASDAQ,4326.07,4302.549999999999,4345.95,4297.969999999999,416062184,-2.55,5.87,2.78
2005-11-15,NASDAQ,4673.59,4716.95,4748.2,4667.9800000000005,433958286,4.61,3.77,5.07
2005-11-16,S&P 500,3599.15,3621.15,3660.14,3562.81,633453289,7.2,0.87,5.45
2005-11-17,NASDAQ,1413.74,1439.1200000000001,1478.3200000000002,1366.52,878799408,0.24,4.7,14.93
2005-11-18,Dow Jones,2608.11,2580.02,2634.07,2549.48,531293500,3.93,7.52,5.06
2005-11-19,Dow Jones,3915.76,3910.0600000000004,3958.6600000000003,3874.2700000000004,907106201,-2.44,3.6,5.11
2005-11-20,NASDAQ,4119.28,4131.0599999999995,4150.629999999999,4081.18,17874955,-0.33,2.35,10.93
2005-11-21,NASDAQ,1472.87,1499.87,1544.3,1459.7299999999998,776477166,-4.7,9.31,13.17
2005-11-22,S&P 500,1000.12,960.52,1012.13,958.26,775075533,6.52,8.22,7.03
2005-11-23,NASDAQ,3848.55,3894.79,3908.8,3848.46,675258704,1.02,6.38,13.38
2005-11-24,S&P 500,2426.38,2465.4,2468.06,2408.85,432527648,7.24,1.37,6.42
2005-11-25,S&P 500,2017.93,1994.96,2057.71,1982.89,778846454,5.63,1.45,4.56
2005-11-26,Dow Jones,1051.59,1083.87,1104.7199999999998,1048.47,33550620,7.43,1.03,6.29
2005-11-27,Dow Jones,3161.2,3163.0299999999997,3174.49,3152.22,936820340,-0.72,6.16,9.92
2005-11-28,Dow Jones,4404.6,4400.780000000001,4416.1900000000005,4394.56,359445173,-2.22,1.16,6.77
2005-11-29,Dow Jones,4830.53,4811.969999999999,4875.599999999999,4766.23,780137388,9.58,8.43,10.75
2005-11-30,NASDAQ,3262.98,3271.08,3312.7799999999997,3255.97,823566558,5.76,9.93,5.08
2005-12-01,Dow Jones,3057.85,3080.8399999999997,3108.5199999999995,3030.97,281074173,7.51,3.66,11.11
2005-12-02,NASDAQ,1340.23,1331.32,1371.04,1301.6599999999999,126370503,-4.8,4.54,6.52
2005-12-03,Dow Jones,3195.49,3208.41,3232.1299999999997,3168.3199999999997,857269900,0.32,7.12,7.93
2005-12-04,NASDAQ,2519.92,2539.85,2559.43,2514.9700000000003,345745807,6.14,9.37,9.25
2005-12-05,S&P 500,3428.54,3449.65,3495.42,3412.6,540941420,-3.83,8.94,10.92
2005-12-06,NASDAQ,2554.91,2510.1099999999997,2561.19,2507.5499999999997,209687121,3.51,0.58,5.1
2005-12-07,NASDAQ,1961.2,1997.17,2018.0900000000001,1941.42,968915362,1.44,1.69,12.87
2005-12-08,Dow Jones,1379.86,1375.6899999999998,1397.09,1366.2599999999998,683749868,-4.74,7.55,11.38
2005-12-09,NASDAQ,2259.67,2235.91,2284.58,2207.83,5397458,-1.46,6.89,5.04
2005-12-10,S&P 500,1386.58,1360.76,1409.46,1326.12,204366604,-0.73,1.33,14.67
2005-12-11,S&P 500,1707.59,1705.8899999999999,1733.53,1679.28,549295154,-3.32,5.02,10.64
2005-12-12,Dow Jones,4949.34,4988.02,4995.02,4927.63,842722179,4.47,7.81,7.88
2005-12-13,S&P 500,2776.41,2764.24,2802.0699999999997,2744.87,512849042,-1.36,2.19,4.05
2005-12-14,NASDAQ,3127.49,3152.4599999999996,3164.5799999999995,3085.41,352945265,-0.84,8.71,8.93
2005-12-15,S&P 500,4494.47,4454.150000000001,4503.6900000000005,4443.18,589207384,8.47,0.53,4.14
2005-12-16,Dow Jones,4982.28,4979.889999999999,4985.5199999999995,4943.179999999999,156114661,2.01,7.82,7.58
2005-12-17,NASDAQ,3330.86,3380.03,3418.1600000000003,3292.9900000000002,429805362,0.88,6.16,7.31
2005-12-18,Dow Jones,4249.9,4276.94,4298.3099999999995,4228.94,727912888,5.86,3.15,11.36
2005-12-19,NASDAQ,2307.76,2278.8100000000004,2339.09,2263.9400000000005,467241699,8.64,7.21,4.5
2005-12-20,S&P 500,2222.98,2223.12,2259.5,2199.45,999459715,-4.62,7.82,12.68
2005-12-21,Dow Jones,2610.81,2584.17,2644.7799999999997,2579.51,238173286,1.72,9.34,6.24
2005-12-22,Dow Jones,3690.03,3680.9900000000002,3713.5600000000004,3678.69,237903230,4.16,3.68,7.77
2005-12-23,NASDAQ,3728.77,3756.78,3776.17,3723.19,237171903,-0.22,6.86,12.04
2005-12-24,Dow Jones,2260.96,2288.08,2306.88,2251.6,866433478,6.59,6.03,10.13
2005-12-25,NASDAQ,1532.84,1505.6499999999999,1564.84,1480.4399999999998,758500537,9.57,5.25,6.0
2005-12-26,NASDAQ,3529.59,3571.81,3596.5499999999997,3487.13,921488694,9.15,8.9,7.02
2005-12-27,NASDAQ,1513.3,1522.56,1565.02,1501.52,365621497,-1.01,0.03,5.98
2005-12-28,NASDAQ,3313.97,3301.9599999999996,3357.7099999999996,3255.1999999999994,330664719,-1.6,2.82,9.73
2005-12-29,S&P 500,3773.69,3773.88,3782.4100000000003,3725.94,92140410,9.36,5.38,6.32
2005-12-30,NASDAQ,3802.45,3812.96,3819.77,3754.5,170834799,1.88,1.78,11.43
2005-12-31,Dow Jones,4013.89,4019.8799999999997,4051.3999999999996,3972.0099999999998,77227460,-1.88,9.08,9.54
2006-01-01,S&P 500,4491.44,4490.08,4506.5,4471.89,102783790,5.6,6.48,3.89
2006-01-02,Dow Jones,2999.84,3000.33,3001.2599999999998,2996.21,269871382,-0.73,4.78,6.03
2006-01-03,S&P 500,3921.0,3888.64,3965.43,3860.2,340923747,-0.99,8.15,4.88
2006-01-04,NASDAQ,3476.69,3507.96,3519.31,3448.76,257044255,8.19,4.51,7.07
2006-01-05,S&P 500,1746.56,1750.74,1797.2,1704.06,506416791,-2.56,5.59,8.71
2006-01-06,S&P 500,1102.76,1065.87,1138.6299999999999,1016.0699999999999,714889304,-4.03,0.03,8.59
2006-01-07,Dow Jones,2138.17,2164.79,2202.92,2112.76,756303852,-0.96,3.66,11.81
2006-01-08,Dow Jones,2772.13,2815.37,2825.44,2754.87,134801179,4.1,1.39,4.46
2006-01-09,NASDAQ,3468.42,3513.15,3524.86,3459.12,107187026,-3.15,6.9,14.3
2006-01-10,S&P 500,4399.84,4386.74,4425.900000000001,4386.5,92629190,2.07,4.79,6.46
2006-01-11,S&P 500,1784.98,1748.53,1793.58,1723.07,60516907,4.41,3.02,5.9
2006-01-12,S&P 500,1502.2,1504.04,1519.31,1474.42,117743097,7.73,4.68,10.91
2006-01-13,NASDAQ,4853.92,4815.18,4869.99,4773.93,46385448,-1.55,2.1,12.47
2006-01-14,NASDAQ,1432.18,1475.5800000000002,1483.5600000000002,1406.95,904157712,7.26,9.25,6.92
2006-01-15,NASDAQ,2913.96,2882.32,2924.2200000000003,2836.5,746247809,-1.48,0.54,11.71
2006-01-16,NASDAQ,3342.25,3317.53,3381.68,3286.13,377909391,5.15,8.65,13.49
2006-01-17,NASDAQ,3165.5,3156.16,3173.86,3114.14,746993638,1.46,5.11,11.97
2006-01-18,Dow Jones,1344.13,1332.45,1345.5500000000002,1325.03,669838142,-3.28,6.19,2.44
2006-01-19,S&P 500,1228.11,1257.58,1289.05,1185.34,47610556,5.71,3.03,12.76
2006-01-20,S&P 500,1421.93,1417.5600000000002,1470.73,1383.8000000000002,82036433,-1.73,9.67,12.07
2006-01-21,S&P 500,3342.35,3309.43,3358.91,3300.9199999999996,920622246,-2.35,2.82,10.7
2006-01-22,S&P 500,3177.38,3154.1,3183.31,3144.61,940649408,0.37,5.89,11.88
2006-01-23,S&P 500,1934.96,1935.8700000000001,1964.39,1888.63,223403006,4.8,9.93,14.73
2006-01-24,S&P 500,3551.1,3515.85,3596.42,3514.24,197854146,-1.49,8.81,7.6
2006-01-25,S&P 500,4280.27,4291.4400000000005,4330.64,4257.14,985205694,-2.25,5.36,2.87
2006-01-26,S&P 500,1166.32,1172.8899999999999,1204.02,1150.6499999999999,874098516,-4.85,9.9,7.99
2006-01-27,Dow Jones,2992.52,3013.99,3029.74,2959.27,316442557,2.07,7.01,2.6
2006-01-28,S&P 500,3757.24,3801.0099999999998,3828.1,3715.2599999999998,260653755,1.43,2.09,5.83
2006-01-29,Dow Jones,2009.25,2050.48,2055.04,1991.23,146674141,-1.49,4.06,9.63
2006-01-30,NASDAQ,2231.08,2275.69,2309.64,2209.73,312934218,-4.2,3.34,6.03
2006-01-31,S&P 500,3454.55,3429.02,3490.8,3379.92,315604654,1.44,3.44,10.91
2006-02-01,NASDAQ,4591.74,4554.9,4639.99,4515.7,151277944,6.82,7.6,12.69
2006-02-02,NASDAQ,4239.7,4219.929999999999,4252.72,4175.07,553789592,5.73,5.84,7.47
2006-02-03,NASDAQ,3332.52,3372.03,3372.9500000000003,3310.58,609083842,7.91,0.38,13.7
2006-02-04,Dow Jones,3920.89,3968.1,3995.38,3909.19,293529309,-4.86,8.77,3.04
2006-02-05,NASDAQ,2459.29,2495.22,2530.56,2438.7,271287575,9.5,2.97,12.92
2006-02-06,NASDAQ,3563.86,3524.86,3603.38,3489.06,700472767,0.12,9.97,12.77
2006-02-07,NASDAQ,2864.73,2909.47,2919.16,2859.26,439415148,9.86,9.54,6.19
2006-02-08,S&P 500,1759.74,1752.08,1772.83,1738.56,869507171,-1.21,9.41,5.88
2006-02-09,S&P 500,3806.95,3757.8799999999997,3832.58,3755.5499999999997,456544406,2.07,8.11,5.97
2006-02-10,Dow Jones,3225.86,3220.1,3242.3900000000003,3198.48,185468597,0.31,2.21,12.55
2006-02-11,Dow Jones,2434.49,2389.1,2477.52,2347.73,383839111,0.34,5.33,12.81
2006-02-12,S&P 500,4645.36,4649.75,4673.44,4644.13,588976639,7.63,2.24,6.29
2006-02-13,Dow Jones,1083.74,1067.6,1123.72,1033.83,42171637,6.2,2.6,9.7
2006-02-14,S&P 500,2263.09,2260.4300000000003,2292.1200000000003,2213.8100000000004,94748291,9.88,6.11,3.81
2006-02-15,NASDAQ,1227.53,1238.85,1277.5,1215.68,74416113,4.2,0.41,8.09
2006-02-16,NASDAQ,4066.11,4102.99,4119.62,4031.4300000000003,791602086,1.95,9.69,14.98
2006-02-17,Dow Jones,3808.43,3824.62,3866.19,3759.6699999999996,677641770,-3.65,9.19,4.06
2006-02-18,S&P 500,2325.41,2318.81,2339.14,2270.7,825528542,9.95,3.81,14.32
2006-02-19,S&P 500,3702.65,3734.59,3761.8900000000003,3690.9,980585820,3.27,5.15,12.72
2006-02-20,Dow Jones,2583.75,2624.31,2635.0099999999998,2578.73,676760291,5.51,4.66,14.64
2006-02-21,S&P 500,4025.02,3987.0,4048.8,3979.59,650462732,1.1,8.82,4.33
2006-02-22,NASDAQ,2816.73,2819.92,2835.83,2781.63,496321448,3.22,6.89,4.78
2006-02-23,Dow Jones,2649.12,2627.5699999999997,2662.46,2591.2799999999997,196693128,9.14,2.78,2.22
2006-02-24,Dow Jones,4738.92,4693.63,4787.27,4659.92,59430292,-2.5,4.47,11.42
2006-02-25,S&P 500,2003.52,2020.37,2028.37,1986.72,764444210,-0.61,4.29,10.37
2006-02-26,Dow Jones,1481.79,1518.07,1557.4399999999998,1473.3,576519938,-2.72,9.59,4.31
2006-02-27,S&P 500,3338.17,3304.46,3387.38,3275.42,200378520,6.88,1.75,12.28
2006-02-28,S&P 500,4877.29,4908.53,4909.53,4853.11,381186456,-4.07,0.9,5.89
2006-03-01,S&P 500,2511.36,2546.7000000000003,2581.65,2474.92,515225739,-3.78,8.81,3.75
2006-03-02,S&P 500,1248.15,1289.5800000000002,1302.2300000000002,1226.0800000000002,680266012,-0.52,8.97,7.49
2006-03-03,S&P 500,2357.22,2333.75,2359.24,2316.82,792289482,2.71,8.72,3.18
2006-03-04,Dow Jones,3023.73,3064.13,3084.27,3009.06,153507391,1.09,5.11,5.42
2006-03-05,NASDAQ,1647.69,1629.76,1694.45,1619.19,180337075,-4.33,6.6,6.83
2006-03-06,NASDAQ,3632.41,3637.64,3638.23,3619.12,464001482,9.36,5.63,13.07
2006-03-07,Dow Jones,4991.0,4946.05,5020.39,4941.31,552215344,9.29,0.69,12.3
2006-03-08,Dow Jones,2806.96,2761.35,2832.03,2744.0099999999998,250757180,-0.81,5.96,7.76
2006-03-09,NASDAQ,2418.91,2440.95,2484.62,2417.08,143062233,5.97,0.14,11.42
2006-03-10,NASDAQ,2602.82,2597.27,2607.02,2587.95,114883700,3.68,3.25,9.39
2006-03-11,NASDAQ,1460.58,1436.21,1494.6599999999999,1398.8700000000001,241743565,-1.44,9.32,6.43
2006-03-12,NASDAQ,4533.09,4502.13,4567.1,4485.86,170335615,-1.07,3.04,11.44
2006-03-13,NASDAQ,2659.3,2676.3,2709.75,2625.8900000000003,900285967,2.37,9.4,10.89
2006-03-14,S&P 500,2549.1,2499.14,2596.22,2463.2999999999997,476461623,1.29,2.5,10.05
2006-03-15,Dow Jones,3638.76,3669.3500000000004,3710.5000000000005,3609.7000000000003,184779209,-0.63,3.15,10.03
2006-03-16,S&P 500,2768.13,2726.05,2770.23,2678.1200000000003,420231774,7.11,6.28,10.88
2006-03-17,NASDAQ,3592.93,3562.08,3616.48,3561.0099999999998,827675422,2.22,7.62,7.0
2006-03-18,NASDAQ,1245.79,1234.4099999999999,1265.69,1197.4799999999998,62245705,4.82,5.01,13.3
2006-03-19,NASDAQ,4254.89,4253.38,4270.400000000001,4205.4400000000005,673326937,-2.16,8.82,4.11
2006-03-20,S&P 500,4762.02,4747.52,4784.59,4704.410000000001,365495635,3.0,0.4,13.49
2006-03-21,S&P 500,3595.06,3577.13,3614.27,3568.7400000000002,498535356,-0.23,9.22,6.45
2006-03-22,NASDAQ,4818.26,4864.650000000001,4886.27,4801.92,598140011,2.9,1.96,3.63
2006-03-23,S&P 500,1605.73,1619.89,1668.8500000000001,1597.1100000000001,812247677,6.71,8.84,9.8
2006-03-24,S&P 500,2909.66,2862.0,2914.0899999999997,2831.93,670498056,6.53,4.01,6.89
2006-03-25,NASDAQ,3407.23,3400.25,3453.34,3364.64,952425544,0.31,8.33,12.6
2006-03-26,S&P 500,3326.95,3364.45,3388.46,3311.1,899479174,5.41,6.72,7.6
2006-03-27,Dow Jones,2605.85,2586.0,2637.04,2559.02,923823257,9.12,1.76,10.69
2006-03-28,Dow Jones,2352.34,2311.8,2393.8500000000004,2277.25,26519639,4.39,9.18,6.01
2006-03-29,Dow Jones,1507.3,1533.1399999999999,1551.1599999999999,1486.23,944861899,-2.77,2.46,4.72
2006-03-30,Dow Jones,2566.97,2577.5699999999997,2599.0899999999997,2524.27,205905787,5.2,2.44,7.04
2006-03-31,NASDAQ,1650.64,1657.67,1678.15,1612.0600000000002,845334419,-3.43,8.14,9.89
2006-04-01,NASDAQ,3937.46,3892.82,3956.2,3889.59,634966455,8.08,1.06,10.54
2006-04-02,NASDAQ,1835.32,1799.37,1881.6,1768.31,665166989,2.75,2.22,9.52
2006-04-03,Dow Jones,1234.26,1246.51,1287.96,1222.49,425609493,0.78,5.04,14.84
2006-04-04,Dow Jones,3209.46,3180.2400000000002,3214.91,3152.36,60365903,-4.14,8.3,10.98
2006-04-05,S&P 500,3380.92,3381.33,3386.74,3333.08,344245340,0.71,1.47,14.11
2006-04-06,S&P 500,4487.65,4492.139999999999,4513.53,4443.7,195575775,8.55,5.48,3.53
2006-04-07,Dow Jones,3307.93,3286.2799999999997,3312.8599999999997,3266.0499999999997,613703698,-4.69,7.11,2.8
2006-04-08,Dow Jones,2381.92,2426.76,2457.71,2367.34,744254390,2.12,8.61,6.04
2006-04-09,Dow Jones,4212.05,4246.3,4253.4800000000005,4200.33,803447650,8.97,9.36,3.78
2006-04-10,Dow Jones,3161.12,3183.3599999999997,3209.4799999999996,3134.49,108751466,0.92,7.85,8.84
2006-04-11,S&P 500,1317.12,1274.9199999999998,1317.4799999999998,1269.2099999999998,514953631,1.42,6.53,8.75
2006-04-12,Dow Jones,3263.4,3224.01,3279.23,3196.55,230543798,3.68,4.34,9.48
2006-04-13,S&P 500,4632.07,4631.349999999999,4665.929999999999,4631.28,719814260,1.94,1.12,11.69
2006-04-14,Dow Jones,2585.25,2551.32,2609.45,2535.13,598135123,-2.47,7.1,14.63
2006-04-15,Dow Jones,2185.3,2233.13,2282.04,2174.3,918970802,-4.72,9.93,13.42
2006-04-16,Dow Jones,1573.88,1539.73,1617.5900000000001,1491.17,445716243,4.15,7.37,3.54
2006-04-17,S&P 500,1605.78,1604.53,1623.73,1568.17,973840967,8.81,0.17,6.4
2006-04-18,S&P 500,2731.09,2717.5,2733.36,2700.02,893552825,-3.4,4.96,5.33
2006-04-19,NASDAQ,3382.72,3396.66,3438.94,3378.08,910439458,-1.84,6.15,4.3
2006-04-20,Dow Jones,1322.46,1285.3600000000001,1368.02,1259.5200000000002,541284969,0.55,6.9,9.08
2006-04-21,NASDAQ,4758.27,4751.3,4799.3,4740.63,984912780,7.13,7.2,9.19
2006-04-22,NASDAQ,4020.53,3998.0,4026.9300000000003,3971.18,334538536,-0.96,5.58,4.95
2006-04-23,S&P 500,3346.5,3385.28,3435.1800000000003,3304.73,185736837,8.23,2.23,11.25
2006-04-24,S&P 500,4313.75,4267.81,4326.68,4237.02,811282862,-4.18,9.42,11.53
2006-04-25,NASDAQ,1320.75,1362.12,1398.33,1289.06,75500164,9.11,6.97,2.27
2006-04-26,Dow Jones,2907.36,2940.6600000000003,2986.0600000000004,2880.31,612432500,3.41,2.37,7.14
2006-04-27,S&P 500,3520.37,3500.13,3532.15,3453.77,713675250,4.88,3.22,13.57
2006-04-28,Dow Jones,4314.61,4343.54,4388.95,4268.009999999999,188003873,0.52,9.22,8.76
2006-04-29,Dow Jones,4133.88,4087.0,4149.35,4061.36,150366533,6.73,8.87,6.52
2006-04-30,NASDAQ,2108.28,2154.9700000000003,2203.7900000000004,2092.9900000000002,961486778,-2.5,4.05,5.3
2006-05-01,NASDAQ,4763.52,4766.18,4780.240000000001,4740.540000000001,697076064,-4.27,0.38,5.16
2006-05-02,NASDAQ,1497.38,1477.71,1545.0500000000002,1468.38,879824910,0.93,0.48,3.3
2006-05-03,NASDAQ,4500.53,4486.79,4503.21,4454.97,914136142,7.81,2.84,12.62
2006-05-04,S&P 500,4883.76,4840.400000000001,4919.22,4815.400000000001,670415181,6.32,6.29,3.13
2006-05-05,S&P 500,1708.61,1757.54,1784.1499999999999,1703.4399999999998,743094502,2.76,5.84,5.8
2006-05-06,NASDAQ,3888.26,3842.19,3912.15,3832.31,813769342,3.58,6.34,2.59
2006-05-07,S&P 500,1161.14,1176.63,1187.8000000000002,1137.16,283566916,-3.05,7.17,12.16
2006-05-08,NASDAQ,2621.69,2615.96,2656.9700000000003,2571.58,250171443,7.61,0.19,2.51
2006-05-09,Dow Jones,3065.13,3110.02,3119.56,3036.81,257396408,6.8,1.05,6.01
2006-05-10,Dow Jones,3322.58,3297.18,3350.22,3263.1,47519129,4.85,3.59,9.45
2006-05-11,Dow Jones,4743.75,4746.96,4759.62,4726.8,871773999,1.99,1.55,7.32
2006-05-12,NASDAQ,3689.0,3687.24,3736.78,3658.6699999999996,212428816,9.47,0.75,5.67
2006-05-13,Dow Jones,2925.11,2945.4,2946.83,2902.7400000000002,484026026,8.19,6.41,5.58
2006-05-14,S&P 500,4238.7,4195.5,4248.69,4162.54,93485614,4.67,8.15,12.37
2006-05-15,Dow Jones,4802.13,4771.51,4814.25,4768.9800000000005,653431539,0.58,7.53,14.66
2006-05-16,Dow Jones,1088.26,1059.72,1108.96,1035.05,143539791,4.27,8.17,6.52
2006-05-17,Dow Jones,4930.09,4953.91,4965.55,4915.29,329581474,3.63,6.66,2.51
2006-05-18,S&P 500,1344.53,1313.44,1369.1,1297.13,74077669,0.91,7.35,2.48
2006-05-19,NASDAQ,4257.55,4264.900000000001,4308.52,4209.5,355860340,-0.4,2.72,11.87
2006-05-20,S&P 500,2121.34,2092.86,2156.94,2083.73,845761814,1.11,9.93,9.18
2006-05-21,NASDAQ,1528.72,1564.88,1593.88,1513.16,288457868,3.61,1.83,12.19
2006-05-22,NASDAQ,2759.42,2803.64,2808.0899999999997,2733.9300000000003,34699552,1.42,2.14,11.07
2006-05-23,Dow Jones,3575.83,3577.68,3612.3799999999997,3532.68,476103836,-1.05,2.89,13.8
2006-05-24,NASDAQ,2523.81,2509.04,2532.13,2488.21,607447796,6.41,9.75,13.52
2006-05-25,S&P 500,1218.26,1191.67,1257.58,1154.48,932373229,2.97,9.88,12.25
2006-05-26,S&P 500,3397.84,3352.82,3410.34,3310.0,746617761,-3.98,7.95,8.18
2006-05-27,NASDAQ,4609.61,4586.46,4630.46,4570.96,734299041,0.52,6.29,6.01
2006-05-28,Dow Jones,2532.86,2548.28,2565.8,2513.2200000000003,142683930,8.27,5.2,8.59
2006-05-29,Dow Jones,1865.33,1868.6899999999998,1911.6299999999999,1847.5,484868302,6.33,9.71,8.53
2006-05-30,S&P 500,2770.31,2814.71,2821.04,2728.67,777426810,-0.15,6.96,9.93
2006-05-31,Dow Jones,1193.45,1183.0800000000002,1221.73,1180.8600000000001,798802929,9.07,9.45,4.42
2006-06-01,NASDAQ,4281.95,4301.34,4308.4400000000005,4266.53,216427976,-3.85,3.17,10.52
2006-06-02,NASDAQ,4305.36,4304.29,4340.599999999999,4270.32,282901337,9.42,3.34,7.94
2006-06-03,S&P 500,3352.0,3353.26,3398.51,3323.73,609755970,-1.31,8.55,10.06
2006-06-04,NASDAQ,2412.41,2389.19,2434.14,2367.38,552355235,-4.86,1.5,5.11
2006-06-05,S&P 500,4199.13,4194.63,4223.53,4167.63,726641774,1.51,9.46,7.65
2006-06-06,NASDAQ,3218.75,3215.83,3265.12,3205.95,354316413,0.38,5.07,4.73
2006-06-07,S&P 500,4303.73,4324.389999999999,4350.44,4282.19,660863507,3.09,9.26,13.38
2006-06-08,Dow Jones,3525.84,3569.9,3594.28,3500.75,318071955,6.95,3.37,8.34
2006-06-09,NASDAQ,4137.62,4120.55,4166.54,4075.4900000000002,380049604,7.64,7.16,4.92
2006-06-10,NASDAQ,3394.25,3348.47,3428.71,3335.43,928728009,1.02,4.83,2.54
2006-06-11,S&P 500,2656.56,2656.19,2661.9,2612.8,801911695,1.45,6.27,10.78
2006-06-12,S&P 500,4831.78,4836.23,4877.29,4799.57,587868798,-2.78,5.04,4.79
2006-06-13,NASDAQ,3164.46,3131.3,3186.2400000000002,3130.28,290550104,-4.29,9.67,14.86
2006-06-14,S&P 500,3420.36,3446.4100000000003,3450.03,3384.13,206975595,4.62,6.92,8.94
2006-06-15,NASDAQ,1881.95,1930.44,1969.75,1880.17,668920536,-4.03,2.51,5.76
2006-06-16,Dow Jones,3502.6,3547.18,3566.0299999999997,3452.73,785248733,6.01,9.1,10.55
2006-06-17,S&P 500,3286.43,3256.14,3291.45,3212.5099999999998,318091597,3.09,2.94,5.58
2006-06-18,NASDAQ,1739.35,1776.8899999999999,1808.58,1724.48,501740949,-2.02,3.72,12.66
2006-06-19,Dow Jones,1238.35,1258.8,1302.81,1225.48,194953245,3.09,1.02,6.01
2006-06-20,Dow Jones,3417.44,3412.82,3461.83,3393.75,344232786,-2.26,9.0,14.85
2006-06-21,NASDAQ,4054.77,4058.83,4106.71,4036.96,685502373,1.58,2.86,9.87
2006-06-22,S&P 500,3093.61,3128.57,3171.96,3074.9900000000002,3380201,6.99,2.59,12.98
2006-06-23,NASDAQ,1907.09,1905.1,1907.1999999999998,1889.1899999999998,627744851,1.93,9.2,2.95
2006-06-24,Dow Jones,3666.09,3653.4100000000003,3685.1000000000004,3622.3500000000004,466228258,-2.77,8.06,6.53
2006-06-25,NASDAQ,1320.42,1319.74,1361.3500000000001,1311.53,878191381,5.86,1.41,11.59
2006-06-26,S&P 500,2767.33,2775.24,2793.5499999999997,2725.0299999999997,482675342,-2.2,7.69,10.52
2006-06-27,Dow Jones,1653.47,1622.38,1683.55,1581.7600000000002,716890826,6.08,9.13,4.53
2006-06-28,NASDAQ,1737.84,1777.9299999999998,1808.2499999999998,1714.02,10925557,2.19,0.79,6.63
2006-06-29,S&P 500,1809.18,1826.6000000000001,1844.8500000000001,1766.54,538628536,1.81,8.25,5.42
2006-06-30,Dow Jones,2546.83,2560.16,2605.3799999999997,2534.47,133317847,7.77,5.47,9.97
2006-07-01,S&P 500,1204.6,1164.55,1229.76,1163.6699999999998,527994192,5.63,6.69,6.48
2006-07-02,Dow Jones,2591.17,2601.59,2624.83,2560.21,675674843,-4.51,4.93,6.02
2006-07-03,NASDAQ,3046.83,3008.93,3096.71,2986.0299999999997,663381617,-0.56,6.98,4.7
2006-07-04,S&P 500,2933.18,2891.0499999999997,2957.8599999999997,2862.6899999999996,647713822,8.06,0.34,7.32
2006-07-05,Dow Jones,2531.14,2533.87,2542.79,2486.17,459578147,-4.73,7.63,4.54
2006-07-06,S&P 500,4356.59,4346.87,4382.24,4298.37,456864246,3.18,0.33,14.51
2006-07-07,S&P 500,1581.31,1590.19,1630.89,1549.59,763240456,5.92,4.55,4.01
2006-07-08,NASDAQ,3022.79,2981.71,3061.63,2943.51,919125065,4.33,1.51,13.87
2006-07-09,S&P 500,1248.17,1241.27,1287.6000000000001,1237.08,194943700,6.41,8.24,7.57
2006-07-10,Dow Jones,1284.62,1252.1,1320.02,1244.06,800495225,5.89,3.14,6.91
2006-07-11,Dow Jones,3295.46,3344.17,3356.88,3258.8,496214753,5.38,4.54,5.01
2006-07-12,Dow Jones,3264.07,3270.19,3313.29,3242.5,422026654,7.32,4.29,10.26
2006-07-13,Dow Jones,4512.13,4530.87,4575.54,4489.83,539011100,4.69,7.73,10.91
2006-07-14,NASDAQ,3231.49,3214.0299999999997,3241.2,3198.6,732434090,1.04,4.81,8.08
2006-07-15,S&P 500,4839.16,4798.63,4845.68,4768.26,619730922,2.08,7.89,2.72
2006-07-16,NASDAQ,1194.78,1242.37,1291.1499999999999,1185.52,856298442,5.75,0.74,13.94
2006-07-17,S&P 500,1392.03,1370.66,1435.45,1339.3100000000002,171283808,8.14,1.92,14.74
2006-07-18,S&P 500,1176.26,1168.64,1220.92,1159.95,157467385,-0.92,5.52,7.6
2006-07-19,S&P 500,1741.11,1756.1,1800.4199999999998,1737.9199999999998,375624813,0.13,9.47,9.98
2006-07-20,NASDAQ,3165.08,3117.5499999999997,3192.16,3101.0299999999997,843440320,8.96,0.75,7.85
2006-07-21,S&P 500,3582.29,3613.32,3645.6400000000003,3570.73,652587476,3.68,0.43,6.18
2006-07-22,NASDAQ,1182.34,1186.0,1213.27,1137.8899999999999,605209981,-2.32,1.57,3.01
2006-07-23,Dow Jones,4783.88,4761.7,4786.4400000000005,4758.95,990547967,4.96,6.41,7.93
2006-07-24,Dow Jones,4368.66,4324.82,4405.94,4315.99,930134678,9.86,3.99,12.64
2006-07-25,S&P 500,2186.45,2152.7,2211.72,2125.2599999999998,964359992,7.35,8.26,2.22
2006-07-26,NASDAQ,1308.75,1348.25,1380.64,1284.7,406302711,6.19,0.72,9.57
2006-07-27,Dow Jones,1679.55,1698.1499999999999,1723.28,1677.26,424079168,-1.88,1.96,13.45
2006-07-28,NASDAQ,1507.78,1482.77,1532.37,1482.41,637595476,8.14,3.0,4.83
2006-07-29,NASDAQ,1493.14,1449.7,1501.73,1400.3,357472597,2.89,6.27,4.38
2006-07-30,S&P 500,3074.25,3093.31,3107.25,3041.31,613051381,8.34,6.85,12.04
2006-07-31,Dow Jones,1983.39,1990.63,1998.5700000000002,1965.1200000000001,849835075,-0.05,1.24,5.32
2006-08-01,S&P 500,2432.56,2423.0099999999998,2442.34,2399.49,620689536,-4.07,9.44,4.5
2006-08-02,S&P 500,4958.02,4944.38,5006.67,4931.05,822998514,2.14,3.41,6.91
2006-08-03,Dow Jones,3737.26,3708.94,3744.92,3691.7000000000003,416565001,-0.95,7.13,7.1
2006-08-04,Dow Jones,4795.92,4812.88,4826.34,4763.47,326711422,5.73,5.24,13.36
2006-08-05,NASDAQ,1570.23,1617.3,1646.83,1526.09,153908531,9.36,2.23,10.04
2006-08-06,Dow Jones,2528.56,2496.13,2559.07,2486.92,824541539,5.36,8.46,7.28
2006-08-07,NASDAQ,3218.93,3228.64,3236.3399999999997,3176.91,646860124,8.3,8.18,8.95
2006-08-08,NASDAQ,1307.03,1299.45,1346.72,1293.3700000000001,280911603,1.8,3.96,14.4
2006-08-09,NASDAQ,1016.75,1011.42,1056.01,1000.67,939658477,6.57,5.89,3.47
2006-08-10,Dow Jones,3681.74,3657.1499999999996,3693.6099999999997,3655.2899999999995,916624260,7.65,2.58,4.7
2006-08-11,S&P 500,3567.28,3599.7900000000004,3614.2200000000003,3560.2400000000002,540004828,5.66,6.9,14.51
2006-08-12,NASDAQ,2643.16,2641.69,2690.06,2595.82,426159278,2.62,3.09,14.45
2006-08-13,S&P 500,2958.58,2962.92,3004.2000000000003,2935.61,611464430,4.39,8.44,4.3
2006-08-14,S&P 500,2661.77,2642.25,2696.66,2638.37,352512026,5.51,2.17,3.89
2006-08-15,Dow Jones,1096.02,1064.2,1100.1299999999999,1016.21,294910479,-1.2,0.15,7.47
2006-08-16,S&P 500,2341.49,2300.08,2362.3999999999996,2256.13,983829455,7.14,2.69,2.65
2006-08-17,S&P 500,1708.33,1729.74,1757.71,1670.6,571245987,9.25,1.91,10.51
2006-08-18,Dow Jones,1393.7,1363.32,1403.07,1316.6499999999999,981627672,1.98,5.08,3.01
2006-08-19,NASDAQ,4826.88,4845.89,4868.3,4815.87,567324160,5.52,2.04,2.75
2006-08-20,S&P 500,3397.44,3386.48,3427.4900000000002,3344.66,545386500,6.06,7.63,8.31
2006-08-21,Dow Jones,3914.63,3906.21,3931.0,3871.71,661730856,4.93,2.41,14.45
2006-08-22,S&P 500,2261.45,2258.37,2300.5,2214.88,689766355,3.21,7.07,7.55
2006-08-23,S&P 500,2572.59,2559.36,2614.61,2519.51,327801348,8.22,5.78,6.63
2006-08-24,NASDAQ,1947.7,1907.76,1963.88,1890.44,204961251,1.73,9.86,14.97
2006-08-25,S&P 500,1387.86,1368.82,1429.79,1330.1,445966876,-4.08,10.0,8.92
2006-08-26,Dow Jones,1716.13,1732.5,1737.68,1703.0100000000002,424190767,7.67,8.7,6.88
2006-08-27,S&P 500,4190.06,4206.64,4248.530000000001,4173.63,779354401,5.11,7.6,7.02
2006-08-28,NASDAQ,3710.18,3688.7999999999997,3717.8199999999997,3683.3999999999996,792729337,7.74,3.86,4.53
2006-08-29,NASDAQ,3187.72,3183.73,3191.87,3136.98,432054895,-2.92,7.53,8.66
2006-08-30,Dow Jones,2900.36,2869.7000000000003,2932.4500000000003,2855.15,366858769,-4.54,9.57,7.71
2006-08-31,NASDAQ,4689.74,4660.78,4713.34,4634.75,291655617,9.02,0.23,5.52
2006-09-01,S&P 500,1290.94,1243.24,1336.3300000000002,1223.67,370192143,-2.78,5.38,4.09
2006-09-02,NASDAQ,2122.4,2162.07,2180.23,2074.4,183764768,7.14,2.18,6.05
2006-09-03,Dow Jones,2399.75,2370.82,2414.11,2354.07,854525647,7.35,5.58,8.61
2006-09-04,NASDAQ,4129.7,4102.45,4154.74,4063.52,825479138,5.63,4.66,2.76
2006-09-05,NASDAQ,4970.06,4948.02,4992.860000000001,4905.25,697990830,-3.03,5.76,4.0
2006-09-06,NASDAQ,1962.68,1925.42,1979.9,1903.64,161612157,5.01,5.51,14.32
2006-09-07,Dow Jones,4497.23,4511.16,4545.849999999999,4478.32,54326698,8.34,9.6,9.06
2006-09-08,NASDAQ,4322.49,4280.0,4360.469999999999,4242.61,125405609,1.38,5.52,2.82
2006-09-09,NASDAQ,1898.63,1862.0500000000002,1941.2800000000002,1816.41,736653328,1.2,8.46,11.01
2006-09-10,S&P 500,2597.33,2611.81,2660.45,2559.58,168430275,1.64,3.2,2.8
2006-09-11,Dow Jones,2638.69,2622.66,2652.02,2611.2999999999997,379712688,-3.77,4.38,11.61
2006-09-12,NASDAQ,4912.88,4933.67,4969.47,4868.46,93940210,8.38,4.7,11.75
2006-09-13,Dow Jones,1723.57,1729.31,1749.02,1704.1899999999998,128103576,8.04,2.79,10.46
2006-09-14,NASDAQ,4196.63,4172.2300000000005,4230.4800000000005,4143.42,563407757,9.97,3.8,11.52
2006-09-15,NASDAQ,2336.77,2351.85,2375.65,2295.2,32377303,3.78,5.99,3.14
2006-09-16,NASDAQ,3923.48,3885.11,3973.17,3875.69,677605002,6.27,5.8,11.45
2006-09-17,S&P 500,2680.04,2683.68,2720.1299999999997,2640.81,370841944,-1.96,6.36,3.78
2006-09-18,S&P 500,3313.44,3307.15,3361.06,3277.34,141598790,5.01,3.52,6.41
2006-09-19,S&P 500,4330.45,4307.24,4372.2,4262.57,726896816,4.75,3.16,14.26
2006-09-20,Dow Jones,4216.66,4227.0599999999995,4272.209999999999,4208.0599999999995,515050825,8.52,6.12,8.54
2006-09-21,Dow Jones,4465.69,4502.82,4543.54,4444.66,218331312,7.46,1.33,14.58
2006-09-22,S&P 500,1238.47,1288.3600000000001,1311.3200000000002,1196.83,916416867,9.08,2.53,3.16
2006-09-23,Dow Jones,3768.2,3778.98,3791.57,3767.24,613081886,8.03,0.42,8.21
2006-09-24,NASDAQ,1559.95,1550.42,1578.47,1544.8100000000002,580274450,8.03,0.73,2.81
2006-09-25,NASDAQ,2663.27,2635.79,2664.28,2586.2599999999998,976094289,-4.04,2.43,10.19
2006-09-26,NASDAQ,3194.35,3170.06,3220.5499999999997,3156.04,993303344,7.69,0.2,3.02
2006-09-27,S&P 500,2610.96,2608.91,2636.21,2560.1299999999997,230318789,4.11,2.45,4.28
2006-09-28,Dow Jones,3078.45,3065.18,3104.71,3056.0499999999997,86962459,0.71,6.55,5.36
2006-09-29,S&P 500,4986.11,5027.49,5076.19,4968.0599999999995,620712902,-4.15,0.61,11.73
2006-09-30,Dow Jones,1540.87,1527.6999999999998,1586.4399999999998,1490.0599999999997,200573605,5.17,4.37,4.13
2006-10-01,NASDAQ,3701.82,3689.1600000000003,3709.9100000000003,3656.2700000000004,725252664,-0.08,9.13,13.01
2006-10-02,S&P 500,2584.0,2572.35,2602.44,2543.29,394858699,2.02,7.91,3.71
2006-10-03,Dow Jones,1532.04,1565.7,1586.9,1505.55,972655848,5.23,3.05,2.46
2006-10-04,Dow Jones,1634.95,1650.03,1668.06,1592.78,116919345,8.68,9.25,7.14
2006-10-05,NASDAQ,4797.09,4808.51,4848.43,4785.34,369106174,7.38,3.3,14.73
2006-10-06,S&P 500,4518.41,4501.82,4544.61,4479.7,248573473,1.76,0.73,3.43
2006-10-07,S&P 500,4628.17,4659.96,4688.56,4620.4,597475416,0.82,9.94,3.32
2006-10-08,S&P 500,4966.13,4919.97,5008.78,4890.17,805284368,-1.4,8.7,11.77
2006-10-09,NASDAQ,1833.26,1870.34,1910.6399999999999,1820.73,820119028,0.59,4.66,6.06
2006-10-10,S&P 500,2421.76,2423.03,2429.6400000000003,2405.07,371517536,-3.33,6.66,11.32
2006-10-11,NASDAQ,3676.88,3666.71,3712.58,3643.15,700481430,9.57,6.71,4.6
2006-10-12,NASDAQ,2935.21,2934.93,2956.98,2933.5899999999997,856528264,3.61,1.94,7.98
2006-10-13,NASDAQ,2673.56,2690.2999999999997,2705.0299999999997,2668.96,929204805,-3.08,2.0,5.45
2006-10-14,Dow Jones,2431.24,2382.52,2433.74,2348.22,109129213,0.29,4.7,7.87
2006-10-15,S&P 500,3375.12,3412.2799999999997,3436.64,3353.67,325600001,3.21,9.12,12.0
2006-10-16,S&P 500,3302.37,3297.04,3320.14,3253.8,364946725,2.99,0.1,11.91
2006-10-17,NASDAQ,1645.83,1630.1299999999999,1658.4099999999999,1595.3999999999999,67706568,-4.47,7.83,8.71
2006-10-18,NASDAQ,2886.96,2850.78,2921.69,2850.3700000000003,143307138,9.26,0.58,14.07
2006-10-19,S&P 500,3213.89,3207.8399999999997,3252.3599999999997,3176.9999999999995,71208399,-0.87,4.78,5.43
2006-10-20,NASDAQ,3281.15,3280.78,3293.39,3276.09,79934488,-4.76,6.38,5.12
2006-10-21,S&P 500,1840.43,1830.79,1842.9,1791.74,782052119,-3.85,6.87,9.98
2006-10-22,Dow Jones,3969.09,3986.96,4029.4,3919.51,944382510,3.7,0.58,10.08
2006-10-23,NASDAQ,1100.8,1092.8899999999999,1101.3,1066.33,453275548,-2.93,4.19,2.61
2006-10-24,S&P 500,2419.33,2465.47,2512.33,2385.19,330010027,-4.37,5.84,9.9
2006-10-25,NASDAQ,4120.85,4130.780000000001,4162.160000000001,4108.9800000000005,379858678,0.69,0.66,6.87
2006-10-26,S&P 500,3255.57,3286.32,3302.4100000000003,3233.69,885362407,4.34,1.35,11.72
2006-10-27,S&P 500,2044.65,2005.5900000000001,2056.9700000000003,1962.7900000000002,374968665,-3.32,6.64,12.51
2006-10-28,NASDAQ,3779.81,3769.54,3780.2599999999998,3761.17,618029669,-0.3,5.22,9.18
2006-10-29,Dow Jones,3269.56,3253.24,3281.33,3239.9599999999996,135309538,1.27,1.62,2.02
2006-10-30,S&P 500,4184.97,4191.92,4198.81,4162.7,98358294,-2.61,5.35,10.27
2006-10-31,S&P 500,3940.1,3976.21,4006.82,3904.49,654334979,2.59,9.13,11.74
2006-11-01,S&P 500,3440.43,3398.2599999999998,3448.7599999999998,3379.47,15512058,-3.72,0.16,5.24
2006-11-02,Dow Jones,2952.71,2909.9700000000003,2979.14,2863.5800000000004,610392105,-4.3,6.43,8.04
2006-11-03,Dow Jones,1532.73,1567.76,1597.27,1528.01,945163981,2.8,0.74,14.55
2006-11-04,NASDAQ,2045.33,2016.62,2060.23,1998.08,360958263,-1.28,0.06,5.88
2006-11-05,Dow Jones,2676.4,2693.28,2695.03,2640.9500000000003,96201198,-3.57,1.51,4.9
2006-11-06,NASDAQ,3397.2,3401.49,3403.35,3385.8999999999996,623944358,1.36,4.23,4.74
2006-11-07,NASDAQ,3054.83,3088.12,3089.44,3022.0099999999998,718575878,8.73,8.02,9.26
2006-11-08,Dow Jones,2152.74,2115.25,2189.7,2107.04,276814087,5.86,2.82,14.35
2006-11-09,NASDAQ,1025.86,988.8399999999999,1041.76,986.04,963822185,7.23,6.26,9.91
2006-11-10,Dow Jones,2984.96,2990.64,3030.46,2978.91,978906610,8.08,4.11,5.94
2006-11-11,NASDAQ,2142.5,2187.14,2208.73,2096.0,551857874,9.59,2.34,10.3
2006-11-12,Dow Jones,3938.43,3929.93,3961.08,3902.3399999999997,525834881,6.45,5.14,10.12
2006-11-13,Dow Jones,1095.79,1078.48,1121.43,1038.66,862858734,4.13,7.97,9.76
2006-11-14,NASDAQ,3339.31,3349.98,3385.63,3322.68,53129984,0.48,8.32,4.07
2006-11-15,S&P 500,4765.9,4808.94,4822.62,4736.2699999999995,339275625,-2.28,8.47,10.25
2006-11-16,NASDAQ,1697.64,1731.3300000000002,1737.41,1672.89,729689141,5.3,3.39,7.59
2006-11-17,Dow Jones,2886.6,2936.15,2963.9500000000003,2839.31,620357836,9.92,7.93,2.24
2006-11-18,S&P 500,1365.69,1317.95,1382.04,1280.57,592859305,2.01,2.12,9.02
2006-11-19,NASDAQ,3502.73,3464.02,3524.85,3427.49,723378155,5.86,7.38,14.86
2006-11-20,NASDAQ,3202.13,3213.08,3245.43,3199.81,736238807,2.43,9.48,6.55
2006-11-21,NASDAQ,2629.46,2661.52,2686.23,2601.98,565083039,1.48,0.14,14.55
2006-11-22,S&P 500,3085.51,3064.03,3116.5200000000004,3040.6800000000003,985305565,1.15,4.4,3.25
2006-11-23,Dow Jones,4586.3,4560.22,4613.51,4513.83,66241413,2.57,6.48,11.52
2006-11-24,NASDAQ,1785.18,1813.88,1850.8700000000001,1772.3100000000002,138321509,0.5,7.02,3.49
2006-11-25,NASDAQ,1090.26,1045.9,1125.56,1032.41,420562592,6.23,1.76,5.56
2006-11-26,NASDAQ,4446.66,4433.599999999999,4473.37,4413.03,920486571,8.11,9.72,9.42
2006-11-27,NASDAQ,3308.47,3309.0499999999997,3342.9999999999995,3296.2999999999997,761261238,8.24,6.15,9.71
2006-11-28,NASDAQ,4562.63,4568.66,4612.34,4556.17,539089622,-1.58,1.64,12.08
2006-11-29,Dow Jones,3387.78,3410.6400000000003,3432.2500000000005,3344.9100000000003,638277257,8.44,0.21,10.0
2006-11-30,Dow Jones,4240.64,4226.12,4261.280000000001,4198.21,56532600,0.12,7.83,9.72
2006-12-01,NASDAQ,2718.69,2729.96,2768.17,2675.62,297762221,-0.36,0.8,13.86
2006-12-02,S&P 500,3999.44,4007.98,4037.11,3957.88,143336334,5.9,1.41,7.88
2006-12-03,Dow Jones,4652.17,4656.93,4660.4800000000005,4638.07,590020411,-0.43,5.75,4.93
2006-12-04,S&P 500,3288.49,3302.54,3347.15,3261.1,980711894,-4.21,6.04,4.1
2006-12-05,Dow Jones,1723.14,1699.0800000000002,1724.68,1694.92,212503095,0.6,6.87,7.2
2006-12-06,NASDAQ,2075.19,2033.65,2112.61,1987.89,747210083,5.82,3.94,11.27
2006-12-07,Dow Jones,1794.58,1756.51,1832.52,1736.3,586770808,-0.1,7.74,2.55
2006-12-08,NASDAQ,1987.43,1959.89,2035.0900000000001,1940.21,310003006,4.44,9.74,3.68
2006-12-09,Dow Jones,2225.66,2225.68,2228.39,2210.52,354924349,4.9,2.71,3.38
2006-12-10,NASDAQ,3220.54,3254.58,3284.42,3197.5099999999998,400904199,6.01,7.03,9.61
2006-12-11,NASDAQ,3351.97,3372.1,3393.49,3339.3799999999997,326830914,8.46,9.28,5.16
2006-12-12,NASDAQ,2706.0,2734.9,2751.4300000000003,2687.26,46558541,1.49,6.86,4.16
2006-12-13,NASDAQ,3461.68,3446.7799999999997,3466.2,3406.7799999999997,64129040,-2.5,6.81,9.71
2006-12-14,S&P 500,1326.3,1316.77,1354.43,1275.06,480563809,-0.22,2.24,11.9
2006-12-15,NASDAQ,1351.15,1340.52,1375.1000000000001,1325.31,970616878,1.48,5.35,6.32
2006-12-16,S&P 500,1687.32,1656.51,1692.55,1633.06,865438597,5.71,5.63,9.52
2006-12-17,S&P 500,3072.31,3028.43,3102.93,2984.74,921412996,-4.8,7.0,3.28
2006-12-18,NASDAQ,1855.98,1865.07,1901.97,1853.35,18288429,-0.26,9.97,14.16
2006-12-19,S&P 500,2133.14,2182.06,2220.42,2088.68,139926770,6.7,0.34,6.38
2006-12-20,Dow Jones,2601.25,2567.93,2646.52,2556.97,652311080,5.06,0.65,14.97
2006-12-21,NASDAQ,4247.46,4202.13,4267.93,4168.2,634755239,5.98,0.78,14.72
2006-12-22,S&P 500,1055.45,1083.4,1131.0500000000002,1026.32,803303516,7.18,7.43,12.12
2006-12-23,NASDAQ,3597.52,3572.78,3640.79,3545.13,961156386,6.75,1.36,2.26
2006-12-24,NASDAQ,3675.51,3708.4700000000003,3723.3,3632.5400000000004,535296017,5.23,6.22,9.07
2006-12-25,NASDAQ,4194.62,4215.01,4222.97,4189.54,175402279,1.59,3.25,3.13
2006-12-26,S&P 500,4731.01,4775.58,4797.35,4713.66,771340143,9.75,4.57,13.64
2006-12-27,Dow Jones,1080.55,1071.44,1100.6399999999999,1044.53,130333085,3.54,2.16,12.27
2006-12-28,Dow Jones,1615.13,1631.3300000000002,1660.1200000000001,1574.5700000000002,375173812,-1.96,8.66,14.64
2006-12-29,S&P 500,4544.69,4541.179999999999,4573.86,4530.36,175030030,-0.61,5.86,9.91
2006-12-30,NASDAQ,2834.07,2847.13,2884.63,2793.92,620122575,5.4,9.45,8.79
2006-12-31,S&P 500,3258.36,3253.32,3283.85,3233.34,671568120,8.87,5.75,8.75
2007-01-01,S&P 500,3652.11,3620.9700000000003,3657.35,3611.5200000000004,634603552,-2.32,1.24,7.02
2007-01-02,S&P 500,3716.27,3717.06,3759.97,3678.32,396303561,-3.76,1.71,8.09
2007-01-03,NASDAQ,4726.96,4729.82,4745.3099999999995,4722.42,745819090,8.22,9.89,10.26
2007-01-04,S&P 500,4987.8,5018.860000000001,5067.420000000001,4962.06,947285540,8.73,7.26,14.13
2007-01-05,NASDAQ,3880.63,3904.1800000000003,3910.07,3877.44,756877873,-0.85,0.49,9.75
2007-01-06,S&P 500,2148.88,2165.26,2213.17,2131.06,344416642,0.66,7.04,13.14
2007-01-07,Dow Jones,4519.01,4480.35,4523.56,4450.3,936405219,4.9,4.12,13.22
2007-01-08,S&P 500,1196.88,1218.94,1230.49,1169.0700000000002,862181827,-0.05,3.07,8.74
2007-01-09,S&P 500,1924.32,1924.35,1926.6799999999998,1904.09,831486090,8.16,1.54,6.52
2007-01-10,Dow Jones,4589.54,4628.95,4664.21,4568.09,597519144,-3.39,8.4,10.31
2007-01-11,NASDAQ,2024.77,2066.7599999999998,2109.27,2013.43,891321824,-4.43,0.64,7.8
2007-01-12,NASDAQ,1882.6,1838.12,1904.3,1815.33,311068507,-1.87,2.9,3.06
2007-01-13,S&P 500,1552.5,1584.56,1630.99,1504.84,741665823,-0.71,3.06,6.91
2007-01-14,Dow Jones,4436.45,4390.22,4465.96,4347.7,58573240,-3.31,1.61,14.92
2007-01-15,NASDAQ,3000.23,2986.95,3031.73,2979.6899999999996,916533566,-4.01,5.08,2.63
2007-01-16,S&P 500,3699.57,3703.8,3746.07,3698.0800000000004,402114063,6.33,0.12,11.06
2007-01-17,Dow Jones,1956.27,1921.08,1971.11,1874.3999999999999,363784776,-2.54,3.01,12.94
2007-01-18,NASDAQ,4032.16,4056.79,4074.5,4005.8199999999997,824866058,8.71,9.34,10.43
2007-01-19,NASDAQ,4040.02,3990.86,4085.32,3963.9700000000003,656079301,0.52,3.11,9.41
2007-01-20,Dow Jones,2250.39,2217.25,2295.44,2178.21,669117370,5.06,3.6,11.2
2007-01-21,Dow Jones,2642.73,2650.81,2699.63,2627.0,340869488,-1.62,4.73,7.58
2007-01-22,Dow Jones,1838.76,1860.2,1905.29,1814.66,995012762,-1.4,5.62,3.19
2007-01-23,Dow Jones,4906.24,4947.9,4954.2699999999995,4857.8099999999995,932047804,3.62,8.09,14.51
2007-01-24,S&P 500,3582.41,3602.96,3644.15,3548.7999999999997,8492427,3.41,1.9,7.62
2007-01-25,Dow Jones,4738.18,4755.360000000001,4775.85,4730.490000000001,140923093,6.53,8.72,10.65
2007-01-26,NASDAQ,2213.54,2202.97,2263.08,2196.31,931259303,6.37,7.58,8.91
2007-01-27,NASDAQ,4127.56,4077.6900000000005,4151.17,4067.4800000000005,531516143,5.06,7.23,2.71
2007-01-28,S&P 500,4063.43,4025.45,4091.12,3987.1099999999997,635929636,1.74,0.87,14.39
2007-01-29,NASDAQ,3766.62,3770.08,3796.5699999999997,3751.85,567461844,8.36,0.22,12.3
2007-01-30,NASDAQ,4862.56,4880.070000000001,4896.160000000001,4861.490000000001,643517024,4.34,5.94,3.94
2007-01-31,Dow Jones,2574.22,2565.9599999999996,2577.97,2518.7499999999995,96565264,9.85,8.63,14.76
2007-02-01,NASDAQ,1522.87,1545.9399999999998,1590.7199999999998,1514.3799999999999,327304439,7.29,5.84,11.58
2007-02-02,S&P 500,3686.84,3689.03,3729.1600000000003,3686.36,298719964,-4.34,2.13,8.14
2007-02-03,Dow Jones,3917.24,3874.66,3924.22,3862.7999999999997,178394228,-0.19,0.91,9.95
2007-02-04,Dow Jones,3300.24,3269.4399999999996,3339.08,3257.6899999999996,621295975,3.58,7.0,3.39
2007-02-05,S&P 500,1827.27,1861.27,1892.56,1806.17,252625673,5.82,7.22,9.29
2007-02-06,Dow Jones,3017.82,3040.31,3060.77,2971.8,228618577,3.26,1.73,2.96
2007-02-07,Dow Jones,2248.76,2288.2400000000002,2300.94,2204.8,732309230,6.79,0.28,9.08
2007-02-08,S&P 500,2709.87,2671.63,2752.8599999999997,2648.79,155264819,-0.76,4.08,9.19
2007-02-09,Dow Jones,3580.87,3629.89,3664.9,3560.33,763330380,-2.24,5.83,13.37
2007-02-10,S&P 500,3980.86,3951.8,4008.25,3924.05,495138813,-4.19,7.06,11.43
2007-02-11,S&P 500,1928.9,1880.0800000000002,1959.38,1867.91,640770697,3.6,8.1,5.24
2007-02-12,NASDAQ,2621.3,2671.04,2675.59,2618.69,225288863,5.33,6.11,13.55
2007-02-13,NASDAQ,2076.65,2054.76,2100.35,2007.8000000000002,153434536,-0.11,1.11,9.45
2007-02-14,Dow Jones,1794.53,1811.33,1821.02,1785.2,127628012,4.2,6.83,9.88
2007-02-15,Dow Jones,4133.55,4101.22,4143.97,4091.3,793202645,-4.22,9.84,4.2
2007-02-16,S&P 500,4637.01,4645.030000000001,4678.1,4613.39,930826970,-3.51,9.06,13.15
2007-02-17,Dow Jones,2480.93,2521.33,2566.89,2456.35,528547574,5.53,8.72,14.1
2007-02-18,S&P 500,4005.12,3987.14,4025.31,3986.22,503095170,0.52,3.02,12.07
2007-02-19,S&P 500,4587.98,4605.009999999999,4615.4,4580.58,657652576,5.07,7.51,14.23
2007-02-20,Dow Jones,4384.5,4353.29,4416.94,4334.38,408121482,7.48,8.51,5.93
2007-02-21,S&P 500,1731.25,1743.73,1787.29,1697.06,191552237,7.79,6.78,13.19
2007-02-22,NASDAQ,4825.17,4808.82,4862.59,4797.4,841847689,-2.42,2.51,8.36
2007-02-23,Dow Jones,2506.71,2477.83,2550.15,2456.68,657348390,2.29,9.54,4.13
2007-02-24,NASDAQ,2356.96,2338.28,2383.79,2310.4100000000003,783895862,6.01,4.51,10.69
2007-02-25,Dow Jones,1249.73,1217.6100000000001,1287.32,1173.18,998071867,6.61,1.3,10.89
2007-02-26,S&P 500,2944.69,2984.88,2991.88,2928.39,3453664,6.77,1.1,5.73
2007-02-27,Dow Jones,1436.05,1425.77,1453.46,1419.09,802898681,-1.58,6.48,2.36
2007-02-28,NASDAQ,1994.16,1968.69,2013.64,1944.23,452960974,-2.11,4.38,4.6
2007-03-01,S&P 500,2267.77,2262.61,2293.33,2225.27,149843801,3.85,0.94,7.2
2007-03-02,Dow Jones,4235.31,4217.360000000001,4281.76,4211.870000000001,764026314,6.12,7.4,4.18
2007-03-03,Dow Jones,4501.95,4526.389999999999,4570.099999999999,4480.72,292136127,-0.21,7.99,4.52
2007-03-04,Dow Jones,2209.87,2256.99,2263.72,2208.98,138784997,-3.43,7.25,7.09
2007-03-05,NASDAQ,4434.79,4428.59,4443.43,4426.91,258706010,5.75,2.02,14.5
2007-03-06,NASDAQ,4428.92,4465.02,4482.900000000001,4404.77,457260853,-0.5,6.9,11.94
2007-03-07,Dow Jones,4058.6,4065.19,4079.73,4043.69,534347974,-2.5,0.11,6.16
2007-03-08,S&P 500,1586.78,1552.5,1617.52,1510.24,245019072,-2.78,3.05,14.37
2007-03-09,S&P 500,3761.29,3780.35,3825.49,3731.18,215335689,-0.28,3.99,10.39
2007-03-10,NASDAQ,4780.1,4781.4400000000005,4829.55,4757.400000000001,572026452,3.89,8.35,7.92
2007-03-11,S&P 500,3730.16,3745.22,3777.8999999999996,3709.7599999999998,240965774,0.38,3.9,8.09
2007-03-12,NASDAQ,2326.47,2365.4399999999996,2407.3499999999995,2301.6099999999997,247413981,-4.69,0.11,7.34
2007-03-13,Dow Jones,3002.32,2996.36,3028.5800000000004,2994.34,90115741,-3.55,3.52,5.03
2007-03-14,NASDAQ,3582.9,3623.02,3633.44,3538.26,825601607,-0.64,4.99,7.03
2007-03-15,NASDAQ,3042.28,3067.3500000000004,3093.5800000000004,2992.36,445297687,4.9,9.49,8.86
2007-03-16,Dow Jones,1479.81,1478.6699999999998,1507.56,1469.6,13664146,-3.52,9.41,8.86
2007-03-17,S&P 500,2248.26,2258.5800000000004,2295.7000000000003,2242.2400000000002,420035394,3.41,1.81,11.9
2007-03-18,NASDAQ,4209.58,4192.14,4220.57,4184.96,651610742,-3.2,1.85,6.66
2007-03-19,NASDAQ,4445.67,4494.03,4512.45,4412.62,187917774,-1.83,1.63,11.32
2007-03-20,Dow Jones,1549.2,1565.94,1584.14,1516.13,647776355,-2.42,7.89,9.52
2007-03-21,S&P 500,4809.55,4763.93,4857.52,4721.530000000001,647157317,-3.99,0.06,14.5
2007-03-22,NASDAQ,2315.29,2297.95,2337.49,2260.3599999999997,560913513,5.07,1.27,7.01
2007-03-23,Dow Jones,3649.25,3661.58,3699.33,3626.77,454923889,1.95,5.38,13.72
2007-03-24,NASDAQ,4007.3,3962.9300000000003,4044.84,3932.2900000000004,429951663,7.47,2.48,12.67
2007-03-25,Dow Jones,4247.78,4200.17,4261.0599999999995,4165.76,310721233,-3.52,0.92,10.29
2007-03-26,S&P 500,4783.0,4778.0,4811.59,4752.36,177779493,-2.83,3.6,10.51
2007-03-27,S&P 500,2251.68,2234.95,2296.3999999999996,2211.1699999999996,801667346,-0.4,2.74,3.1
2007-03-28,S&P 500,4434.03,4427.86,4457.79,4395.61,543730736,6.49,5.11,14.35
2007-03-29,S&P 500,1526.75,1503.02,1574.01,1475.15,928139121,-0.41,9.79,3.39
2007-03-30,NASDAQ,3820.16,3786.6299999999997,3830.8799999999997,3754.43,840241245,1.13,1.24,9.32
2007-03-31,NASDAQ,3967.91,3986.8199999999997,3990.5299999999997,3937.27,900326412,-0.48,3.73,6.29
2007-04-01,S&P 500,3710.89,3712.35,3756.92,3674.93,395421030,-3.8,9.32,7.59
2007-04-02,S&P 500,2009.26,1979.28,2051.64,1947.1399999999999,795758771,9.09,8.77,9.93
2007-04-03,S&P 500,4492.17,4474.13,4541.8,4448.14,512743883,3.23,3.94,13.82
2007-04-04,NASDAQ,1675.43,1684.6100000000001,1718.5800000000002,1641.3400000000001,281021217,6.82,6.99,7.95
2007-04-05,S&P 500,1214.54,1171.76,1261.37,1149.29,704127610,4.88,0.88,14.84
2007-04-06,S&P 500,3869.86,3834.61,3911.21,3822.53,479606411,2.71,7.13,9.71
2007-04-07,S&P 500,2901.9,2859.2200000000003,2944.12,2859.15,329935851,-3.65,9.73,4.09
2007-04-08,Dow Jones,4396.39,4427.62,4456.08,4368.39,297063703,4.64,5.37,4.47
2007-04-09,S&P 500,2533.59,2558.83,2577.95,2504.06,705357507,-2.67,4.98,11.31
2007-04-10,Dow Jones,1673.11,1698.4399999999998,1745.1699999999998,1624.51,492674531,1.22,1.87,2.66
2007-04-11,Dow Jones,4345.77,4367.400000000001,4389.01,4327.700000000001,697041969,4.44,6.34,8.24
2007-04-12,S&P 500,3195.64,3212.58,3239.52,3175.93,153247087,6.73,5.9,3.93
2007-04-13,Dow Jones,1756.78,1754.48,1779.09,1744.39,905491917,5.28,6.52,7.63
2007-04-14,S&P 500,3881.54,3895.77,3924.0099999999998,3878.0099999999998,495141008,5.07,0.26,11.75
2007-04-15,NASDAQ,3044.45,2998.29,3067.98,2959.65,177076080,-2.76,5.49,7.96
2007-04-16,NASDAQ,3417.25,3429.4,3431.8,3404.77,985029250,0.19,5.95,4.12
2007-04-17,NASDAQ,2843.59,2871.38,2915.48,2813.1400000000003,560624421,-4.36,2.08,5.28
2007-04-18,NASDAQ,4314.84,4314.88,4337.1,4280.45,411180566,5.79,2.08,6.78
2007-04-19,Dow Jones,4318.25,4304.0,4347.7,4280.44,288650124,9.29,2.76,2.9
2007-04-20,S&P 500,3837.56,3815.2999999999997,3844.52,3771.4799999999996,966119880,-1.04,7.12,9.6
2007-04-21,S&P 500,1421.61,1435.8899999999999,1436.06,1399.4199999999998,505715540,-3.68,6.06,9.9
2007-04-22,S&P 500,4355.42,4374.7,4386.96,4341.17,839891368,2.13,8.46,2.81
2007-04-23,NASDAQ,3684.05,3721.15,3756.38,3639.25,610109575,7.85,2.96,7.23
2007-04-24,NASDAQ,3788.1,3772.33,3793.06,3729.25,260269328,3.28,9.12,7.38
2007-04-25,S&P 500,2451.93,2478.91,2524.35,2443.73,496615759,-4.3,7.44,6.34
2007-04-26,NASDAQ,4517.12,4523.26,4534.01,4515.82,205437647,9.61,3.95,9.25
2007-04-27,S&P 500,3901.49,3939.77,3950.0,3896.99,184813370,7.43,0.95,6.5
2007-04-28,S&P 500,1450.36,1453.1399999999999,1462.2199999999998,1436.03,151318875,-3.03,2.57,7.41
2007-04-29,S&P 500,2631.11,2632.8700000000003,2633.57,2582.5,890422514,8.83,9.57,12.37
2007-04-30,S&P 500,4545.52,4553.31,4591.900000000001,4517.59,862818807,1.76,3.1,4.11
2007-05-01,S&P 500,1188.79,1213.72,1257.47,1170.1299999999999,639835791,0.58,3.3,10.05
2007-05-02,S&P 500,4845.67,4892.14,4922.85,4801.2300000000005,99447416,1.92,1.9,8.57
2007-05-03,S&P 500,3716.65,3674.01,3726.06,3651.3500000000004,947310509,7.52,8.07,5.97
2007-05-04,NASDAQ,3525.5,3480.84,3539.76,3465.08,483347315,4.89,2.76,11.46
2007-05-05,S&P 500,2082.24,2126.0,2149.8,2035.1799999999998,842054381,-4.11,3.3,9.17
2007-05-06,S&P 500,1995.17,1998.16,2045.88,1952.69,678041613,9.36,4.14,8.21
2007-05-07,NASDAQ,4768.23,4779.719999999999,4792.089999999999,4726.049999999999,346441005,-2.78,4.34,10.68
2007-05-08,NASDAQ,2193.09,2191.33,2229.67,2165.72,62295595,6.18,4.11,12.43
2007-05-09,NASDAQ,4102.02,4061.3900000000003,4123.990000000001,4021.9200000000005,831911141,4.54,5.04,14.64
2007-05-10,S&P 500,2572.49,2599.2999999999997,2614.1899999999996,2563.52,418259091,-2.19,8.15,10.18
2007-05-11,Dow Jones,1557.02,1581.74,1604.54,1528.36,341708844,-2.44,8.19,13.37
2007-05-12,Dow Jones,1042.86,1024.03,1046.4199999999998,974.8399999999999,892400751,8.05,7.98,2.01
2007-05-13,NASDAQ,3177.03,3157.65,3216.96,3143.1,149149886,1.3,1.01,8.89
2007-05-14,Dow Jones,4903.12,4936.9,4949.07,4863.4,390826216,4.82,8.0,4.79
2007-05-15,NASDAQ,2476.54,2433.7799999999997,2512.81,2409.2599999999998,326386081,2.56,1.2,3.22
2007-05-16,S&P 500,2428.77,2466.88,2470.3,2426.78,936505269,5.91,1.25,8.92
2007-05-17,Dow Jones,2376.37,2352.04,2424.12,2313.89,900061690,2.19,9.48,11.71
2007-05-18,S&P 500,3082.18,3091.48,3101.13,3073.75,264778652,-0.69,8.19,7.36
2007-05-19,Dow Jones,2762.66,2806.2599999999998,2850.3999999999996,2731.0899999999997,857142914,0.45,5.52,10.71
2007-05-20,S&P 500,4519.66,4537.47,4577.9400000000005,4515.38,808979337,7.89,8.75,8.37
2007-05-21,Dow Jones,3022.08,3013.52,3070.47,2966.18,49193363,2.02,9.89,7.68
2007-05-22,S&P 500,3031.03,3049.98,3073.87,3016.44,468777729,-1.8,6.11,5.77
2007-05-23,S&P 500,1553.49,1537.89,1589.86,1526.5700000000002,866178778,9.02,6.13,6.97
2007-05-24,Dow Jones,4930.96,4908.69,4949.5,4902.23,285347551,6.95,7.54,6.55
2007-05-25,S&P 500,1999.89,2049.56,2058.7799999999997,1952.5900000000001,313957113,-4.17,2.32,10.4
2007-05-26,S&P 500,1293.46,1318.54,1340.69,1257.8600000000001,4736437,9.98,1.67,3.51
2007-05-27,S&P 500,3652.58,3667.0499999999997,3675.3399999999997,3615.5,715769248,5.42,7.6,3.2
2007-05-28,Dow Jones,3381.47,3367.0,3430.5699999999997,3342.03,834919749,-2.6,3.45,10.58
2007-05-29,Dow Jones,2660.58,2615.5,2665.39,2591.76,620916710,-1.44,1.35,9.1
2007-05-30,S&P 500,2688.77,2641.88,2718.23,2636.38,976244270,5.39,3.15,7.59
2007-05-31,S&P 500,4140.26,4145.68,4177.0,4112.27,994272593,6.7,3.59,3.98
2007-06-01,Dow Jones,1782.85,1809.05,1835.95,1770.5,500999176,-1.41,9.65,7.34
2007-06-02,Dow Jones,4281.01,4284.75,4317.86,4232.150000000001,815530375,-1.15,6.98,12.27
2007-06-03,S&P 500,3594.99,3629.0699999999997,3634.8799999999997,3555.16,94659480,-0.39,5.31,13.57
2007-06-04,S&P 500,2675.88,2629.2200000000003,2703.63,2608.57,980778270,3.97,9.69,11.13
2007-06-05,S&P 500,2832.11,2818.79,2846.4700000000003,2811.22,772179049,-2.42,9.03,2.78
2007-06-06,NASDAQ,2026.59,2000.3,2073.6,1961.03,729519676,-3.44,5.12,10.72
2007-06-07,Dow Jones,4008.46,4003.19,4046.56,3997.09,207020099,5.18,9.06,5.13
2007-06-08,NASDAQ,3051.5,3008.74,3100.13,2999.27,872219987,6.69,4.04,6.1
2007-06-09,Dow Jones,2283.42,2328.83,2330.71,2272.84,729246043,2.51,2.3,4.55
2007-06-10,Dow Jones,3384.2,3356.5299999999997,3398.46,3328.6899999999996,80870887,0.46,2.33,12.08
2007-06-11,Dow Jones,4982.94,5025.169999999999,5034.94,4943.589999999999,290809088,1.48,6.62,10.43
2007-06-12,Dow Jones,2741.05,2733.6400000000003,2741.61,2717.9200000000005,546616999,0.83,5.01,9.95
2007-06-13,Dow Jones,4682.77,4731.320000000001,4743.4400000000005,4678.540000000001,511605558,9.4,6.59,10.68
2007-06-14,Dow Jones,2380.07,2385.48,2419.42,2356.84,684660075,6.52,6.86,5.08
2007-06-15,Dow Jones,1218.93,1262.01,1273.56,1181.52,189128278,-1.88,0.22,7.78
2007-06-16,NASDAQ,1816.97,1767.5,1842.42,1756.42,170255864,0.76,0.54,10.23
2007-06-17,S&P 500,2674.78,2699.6000000000004,2743.9900000000002,2663.78,336545134,3.16,5.33,10.28
2007-06-18,S&P 500,1878.54,1918.85,1953.54,1831.18,3565644,4.19,1.91,12.29
2007-06-19,NASDAQ,1000.91,964.88,1020.64,917.17,595960527,2.02,6.33,5.73
2007-06-20,NASDAQ,4660.01,4619.62,4678.63,4570.099999999999,949931289,7.15,5.52,12.01
2007-06-21,NASDAQ,4375.52,4367.9800000000005,4398.31,4327.6,637767926,6.51,5.86,7.72
2007-06-22,NASDAQ,3969.17,4012.54,4021.39,3959.76,500061598,2.58,3.02,10.71
2007-06-23,Dow Jones,1671.26,1675.5,1707.2,1660.66,558846257,7.82,6.4,7.92
2007-06-24,S&P 500,1481.45,1484.2,1502.41,1464.44,477628160,6.27,8.29,14.33
2007-06-25,Dow Jones,1270.42,1234.53,1313.04,1218.62,687892815,6.68,9.98,4.33
2007-06-26,S&P 500,3896.12,3846.2,3933.95,3798.37,372282294,9.35,8.38,10.78
2007-06-27,S&P 500,4715.23,4746.24,4776.7699999999995,4675.78,176616676,-1.0,5.57,9.49
2007-06-28,NASDAQ,2722.14,2680.9,2740.35,2644.7000000000003,236104947,-0.99,1.93,4.25
2007-06-29,Dow Jones,1476.56,1489.94,1500.44,1467.26,273210548,8.33,6.81,2.86
2007-06-30,NASDAQ,3049.57,3091.03,3129.84,3004.09,112879433,6.58,9.38,12.39
2007-07-01,Dow Jones,2395.33,2366.2,2419.65,2324.81,328335289,8.9,2.12,4.05
2007-07-02,S&P 500,2499.3,2515.8300000000004,2527.07,2491.1200000000003,489365605,-4.05,2.56,4.42
2007-07-03,NASDAQ,3485.32,3443.19,3495.0800000000004,3399.63,656942187,4.42,1.49,14.72
2007-07-04,NASDAQ,3874.87,3885.25,3893.52,3861.2599999999998,299533726,-2.83,7.37,11.32
2007-07-05,S&P 500,1442.41,1408.8000000000002,1481.27,1404.7600000000002,115055241,2.56,4.07,5.26
2007-07-06,S&P 500,1142.36,1165.9599999999998,1177.4099999999999,1109.52,37841909,-2.66,0.63,9.68
2007-07-07,S&P 500,4977.32,4957.44,5003.65,4924.75,792049072,-3.08,8.75,8.94
2007-07-08,NASDAQ,1930.91,1927.25,1953.49,1922.5,355154721,-4.82,5.58,12.98
2007-07-09,Dow Jones,1215.32,1225.26,1254.24,1199.3799999999999,569022834,4.45,3.31,11.48
2007-07-10,NASDAQ,1759.5,1726.63,1803.36,1676.99,401499653,0.39,3.44,12.81
2007-07-11,Dow Jones,1155.83,1179.99,1223.38,1121.9099999999999,200723355,-3.42,2.9,4.75
2007-07-12,NASDAQ,2567.24,2547.5,2589.79,2511.0,591471643,-0.16,4.55,10.32
2007-07-13,NASDAQ,4209.61,4225.849999999999,4226.62,4198.96,875341690,-2.47,3.37,2.52
2007-07-14,S&P 500,2364.98,2330.81,2386.3,2326.87,741459020,9.13,5.48,2.9
2007-07-15,Dow Jones,2776.73,2795.54,2825.85,2762.88,787560424,-0.2,7.74,11.28
2007-07-16,NASDAQ,3702.35,3665.17,3730.24,3652.73,456410225,0.01,6.74,2.32
2007-07-17,NASDAQ,3035.58,3028.12,3068.15,3016.39,384459303,7.6,2.94,9.54
2007-07-18,S&P 500,4445.78,4420.5,4453.48,4410.86,909738360,4.72,5.29,12.93
2007-07-19,S&P 500,4464.14,4488.9800000000005,4521.31,4435.400000000001,591307249,5.65,8.4,6.94
2007-07-20,Dow Jones,1039.64,1015.8400000000001,1048.7700000000002,999.4300000000002,490905400,4.54,0.68,2.58
2007-07-21,NASDAQ,4112.19,4150.36,4187.889999999999,4071.1699999999996,406728886,9.19,0.78,11.28
2007-07-22,Dow Jones,2842.93,2882.1099999999997,2899.0599999999995,2833.73,957273208,-1.89,5.56,14.09
2007-07-23,NASDAQ,4955.36,4925.0,4990.849999999999,4901.77,820266741,9.84,6.39,11.32
2007-07-24,Dow Jones,2932.93,2944.31,2946.7,2932.25,955789825,7.46,2.11,9.52
2007-07-25,S&P 500,4947.58,4906.35,4967.97,4882.27,31813959,3.83,7.45,4.99
2007-07-26,NASDAQ,4018.28,4007.4300000000003,4053.53,4004.6400000000003,280490665,4.94,6.46,2.2
2007-07-27,Dow Jones,1994.42,2015.75,2027.09,1945.53,779733758,4.73,9.23,11.03
2007-07-28,S&P 500,3153.58,3169.52,3209.28,3114.0499999999997,445744840,-4.12,1.69,5.0
2007-07-29,S&P 500,4968.54,4981.01,5012.55,4944.03,346518779,-1.73,7.51,13.16
2007-07-30,Dow Jones,4430.12,4408.37,4459.5,4404.04,332879543,9.42,0.84,8.06
2007-07-31,NASDAQ,1389.47,1377.27,1407.15,1347.65,165146929,3.02,5.65,8.9
2007-08-01,NASDAQ,3825.49,3785.7799999999997,3849.6099999999997,3747.8399999999997,401579390,0.68,5.52,11.8
2007-08-02,S&P 500,2382.32,2404.2200000000003,2434.09,2372.78,728040071,6.43,3.88,12.13
2007-08-03,NASDAQ,1027.93,1028.3200000000002,1051.94,999.5200000000001,804685106,2.87,8.45,10.35
2007-08-04,NASDAQ,2613.92,2634.8,2669.7200000000003,2573.21,174202562,-4.8,0.04,14.2
2007-08-05,NASDAQ,1939.02,1913.91,1960.7,1875.5,884060492,6.04,5.2,14.77
2007-08-06,S&P 500,4275.48,4257.919999999999,4285.589999999999,4217.7699999999995,819946952,5.98,2.17,14.31
2007-08-07,Dow Jones,2349.32,2332.7400000000002,2360.02,2288.7700000000004,463469598,-2.52,7.43,12.71
2007-08-08,NASDAQ,4310.09,4262.66,4310.38,4215.78,227385880,9.35,0.43,11.17
2007-08-09,S&P 500,1002.39,986.49,1017.4399999999999,966.21,8004211,-1.64,8.32,10.62
2007-08-10,S&P 500,2231.28,2261.61,2299.06,2202.84,677180971,1.87,8.38,3.35
2007-08-11,Dow Jones,1964.66,2004.39,2044.1000000000001,1925.13,518409341,-3.28,8.33,5.53
2007-08-12,NASDAQ,1934.27,1936.09,1946.2099999999998,1899.41,602459830,4.05,1.53,2.07
2007-08-13,NASDAQ,1272.75,1268.3,1320.7,1218.52,902058412,0.63,6.3,3.79
2007-08-14,Dow Jones,1748.5,1701.58,1773.62,1700.8999999999999,257640263,0.3,0.14,7.71
2007-08-15,Dow Jones,3222.2,3260.12,3305.97,3204.4399999999996,833230638,7.4,8.48,3.9
2007-08-16,S&P 500,2165.44,2116.7400000000002,2200.78,2102.69,677879710,-4.86,7.23,13.72
2007-08-17,S&P 500,2669.58,2714.06,2750.18,2656.46,230956476,6.97,5.31,12.47
2007-08-18,Dow Jones,2507.47,2506.39,2511.72,2495.2599999999998,114621246,3.57,7.31,2.93
2007-08-19,NASDAQ,4503.62,4487.8099999999995,4514.62,4452.349999999999,520459500,9.79,0.94,5.24
2007-08-20,S&P 500,4621.2,4663.62,4664.0599999999995,4616.96,250380148,3.84,5.29,12.65
2007-08-21,S&P 500,2971.83,2924.27,3007.64,2887.19,757156140,-4.17,2.91,12.44
2007-08-22,NASDAQ,2320.62,2328.7599999999998,2345.9799999999996,2285.95,457314686,-4.24,9.73,14.29
2007-08-23,S&P 500,1427.2,1432.0900000000001,1471.42,1414.66,599660702,8.25,8.57,14.97
2007-08-24,NASDAQ,4813.61,4785.54,4830.5599999999995,4772.9,905523600,7.62,7.33,14.69
2007-08-25,NASDAQ,1240.91,1233.8000000000002,1281.88,1202.3600000000001,810211960,0.19,9.34,7.33
2007-08-26,NASDAQ,2190.6,2205.83,2212.36,2152.49,314844661,4.27,3.47,5.25
2007-08-27,Dow Jones,2192.26,2214.9700000000003,2223.6400000000003,2148.44,492208082,2.34,9.01,11.86
2007-08-28,Dow Jones,2281.61,2231.6800000000003,2298.65,2189.07,384749186,9.51,3.25,5.89
2007-08-29,Dow Jones,1657.15,1700.8400000000001,1721.2600000000002,1608.91,811032173,9.25,7.33,12.48
2007-08-30,NASDAQ,4132.65,4099.099999999999,4150.089999999999,4070.0299999999993,585333917,9.76,7.36,8.94
2007-08-31,NASDAQ,1489.99,1463.35,1528.17,1417.9199999999998,700233929,8.0,0.18,12.32
2007-09-01,Dow Jones,3539.63,3515.98,3544.48,3475.55,493800368,8.64,3.61,5.59
2007-09-02,S&P 500,1495.38,1449.16,1512.94,1404.43,406159516,-1.74,0.19,8.6
2007-09-03,NASDAQ,1282.14,1244.45,1324.0,1243.8700000000001,635415335,7.47,9.97,9.33
2007-09-04,S&P 500,4637.72,4686.35,4689.6900000000005,4589.42,69085137,5.63,1.22,14.26
2007-09-05,S&P 500,1760.52,1742.04,1807.6399999999999,1718.36,994909643,9.44,5.43,5.47
2007-09-06,NASDAQ,4285.0,4246.53,4334.32,4206.62,555649136,3.57,7.91,14.18
2007-09-07,NASDAQ,3178.52,3139.22,3182.95,3132.8599999999997,252134998,-3.72,2.01,12.46
2007-09-08,S&P 500,1311.43,1333.38,1347.94,1291.63,983268477,3.96,4.85,11.5
2007-09-09,S&P 500,4821.79,4857.25,4875.87,4808.22,159020874,5.3,6.07,12.23
2007-09-10,Dow Jones,1987.84,1963.54,2026.6599999999999,1948.96,800431496,-1.7,1.6,9.87
2007-09-11,Dow Jones,4438.58,4390.67,4468.38,4384.51,503646901,0.91,7.79,5.17
2007-09-12,NASDAQ,1675.24,1647.55,1707.46,1607.26,181449207,3.98,2.99,4.46
2007-09-13,Dow Jones,4415.77,4371.42,4453.650000000001,4370.96,452483223,0.61,2.11,13.26
2007-09-14,Dow Jones,1052.92,1013.2600000000001,1058.8200000000002,997.6300000000001,121798808,0.62,5.58,11.43
2007-09-15,Dow Jones,3047.12,3040.27,3088.7799999999997,3031.55,457875062,-3.0,4.1,4.77
2007-09-16,Dow Jones,4077.77,4050.7599999999998,4113.05,4021.31,619382488,9.11,9.2,10.0
2007-09-17,S&P 500,4739.18,4740.77,4769.64,4726.47,600768302,6.26,8.8,7.82
2007-09-18,NASDAQ,4636.81,4612.160000000001,4681.3,4599.210000000001,965050184,-4.98,4.83,4.06
2007-09-19,Dow Jones,4278.5,4322.55,4357.570000000001,4254.08,150133579,6.48,3.59,8.91
2007-09-20,S&P 500,4552.77,4593.360000000001,4603.4400000000005,4520.14,925163978,6.1,3.26,5.66
2007-09-21,S&P 500,1796.88,1803.5600000000002,1825.0500000000002,1790.8100000000002,819686064,-4.85,2.68,3.25
2007-09-22,S&P 500,2136.74,2122.18,2161.4399999999996,2113.3999999999996,372554469,0.54,5.45,8.07
2007-09-23,Dow Jones,2155.87,2143.98,2158.63,2131.62,121404635,4.1,8.05,9.67
2007-09-24,Dow Jones,2508.22,2499.41,2555.95,2450.72,245589575,1.79,3.11,2.61
2007-09-25,NASDAQ,2573.28,2596.0400000000004,2602.4700000000003,2553.42,166640905,6.67,1.9,7.23
2007-09-26,Dow Jones,3178.22,3173.3799999999997,3213.0899999999997,3143.43,534974232,1.38,4.75,5.35
2007-09-27,Dow Jones,1639.52,1675.19,1700.5,1627.44,278688750,-2.69,0.69,2.4
2007-09-28,S&P 500,3764.99,3809.3999999999996,3810.68,3740.47,919357283,9.65,7.01,3.63
2007-09-29,NASDAQ,1670.27,1653.86,1716.51,1650.1499999999999,173016508,-1.37,5.18,3.81
2007-09-30,Dow Jones,2241.23,2247.3,2289.8900000000003,2239.4900000000002,469669489,5.77,4.96,4.38
2007-10-01,Dow Jones,3013.38,2972.8900000000003,3039.59,2949.4500000000003,28872264,-2.85,3.0,12.44
2007-10-02,S&P 500,4185.76,4155.81,4197.21,4135.88,286057768,-0.06,9.05,7.71
2007-10-03,S&P 500,3957.88,3949.23,3963.96,3942.39,894269447,1.63,0.9,3.91
2007-10-04,Dow Jones,3582.14,3552.7599999999998,3600.31,3518.3799999999997,490363778,-2.12,8.7,3.3
2007-10-05,NASDAQ,1623.09,1660.75,1673.52,1573.4399999999998,264485748,1.75,3.77,5.87
2007-10-06,NASDAQ,3188.18,3154.0099999999998,3213.5099999999998,3134.2299999999996,422313361,-2.64,8.81,12.37
2007-10-07,S&P 500,1349.79,1345.36,1398.11,1314.1299999999999,663757997,3.39,7.29,6.74
2007-10-08,S&P 500,2509.45,2520.02,2548.77,2461.2999999999997,151180834,4.96,1.04,4.08
2007-10-09,Dow Jones,2654.07,2673.26,2717.76,2612.4900000000002,173036240,-4.06,8.32,7.25
2007-10-10,S&P 500,1159.25,1147.56,1191.79,1124.3799999999999,561233187,8.07,6.82,9.22
2007-10-11,Dow Jones,2095.95,2132.8599999999997,2156.62,2059.08,984655220,-2.22,0.32,2.38
2007-10-12,NASDAQ,4822.6,4829.43,4872.16,4816.1900000000005,205292507,-1.62,1.34,10.16
2007-10-13,NASDAQ,4814.53,4808.48,4838.099999999999,4782.87,611951281,4.92,6.36,7.14
2007-10-14,Dow Jones,2409.31,2366.0299999999997,2452.74,2352.08,902200446,2.03,6.63,2.13
2007-10-15,S&P 500,1172.4,1168.8700000000001,1186.98,1160.8100000000002,81021902,2.49,7.47,10.76
2007-10-16,NASDAQ,1716.38,1748.45,1754.89,1695.0700000000002,118837074,-3.08,7.2,11.26
2007-10-17,S&P 500,2568.87,2580.3199999999997,2623.0899999999997,2562.3199999999997,63505045,7.09,6.6,10.17
2007-10-18,NASDAQ,4791.12,4824.34,4853.71,4756.17,448520325,4.26,7.66,6.45
2007-10-19,Dow Jones,1564.8,1564.2,1609.25,1541.39,376722030,-2.97,5.75,8.88
2007-10-20,Dow Jones,4054.06,4015.91,4100.95,3989.35,775061766,0.61,2.61,7.03
2007-10-21,Dow Jones,1434.73,1386.09,1437.41,1378.77,670366123,7.16,9.12,11.11
2007-10-22,NASDAQ,4925.03,4905.349999999999,4950.08,4898.36,167534063,3.53,0.18,9.59
2007-10-23,S&P 500,2526.47,2546.27,2565.02,2497.2999999999997,693542664,-3.37,3.67,3.06
2007-10-24,S&P 500,4100.94,4129.969999999999,4161.259999999999,4051.6899999999996,887258963,0.59,7.29,10.36
2007-10-25,S&P 500,2370.36,2349.94,2410.04,2345.13,401483876,-1.36,4.27,10.93
2007-10-26,NASDAQ,3510.68,3510.25,3524.71,3495.96,883333386,2.76,0.25,6.82
2007-10-27,NASDAQ,1768.06,1760.1699999999998,1795.8999999999999,1716.6999999999998,59031233,7.65,0.66,13.39
2007-10-28,NASDAQ,1584.08,1575.1299999999999,1619.52,1571.52,894697471,1.54,6.49,12.96
2007-10-29,NASDAQ,4752.26,4725.39,4758.9800000000005,4681.6,655157781,1.5,9.65,4.28
2007-10-30,NASDAQ,4670.59,4634.2300000000005,4711.29,4608.02,652472879,8.58,5.52,13.76
2007-10-31,S&P 500,4549.88,4519.55,4580.1900000000005,4499.14,148505955,3.64,5.07,7.73
2007-11-01,NASDAQ,3501.73,3457.26,3549.21,3441.78,201358276,3.49,3.18,11.41
2007-11-02,NASDAQ,4233.07,4202.88,4250.049999999999,4188.02,662183039,-1.07,2.57,12.58
2007-11-03,S&P 500,1276.15,1227.0700000000002,1281.5600000000002,1211.7800000000002,731000646,4.12,0.21,8.57
2007-11-04,NASDAQ,2339.16,2351.89,2377.22,2294.92,150542853,3.64,2.73,7.19
2007-11-05,S&P 500,2254.81,2236.45,2259.1,2200.2599999999998,414723925,0.95,4.49,13.9
2007-11-06,S&P 500,3542.58,3589.89,3638.37,3509.09,161201417,9.86,1.98,5.0
2007-11-07,Dow Jones,2423.83,2393.2,2425.7599999999998,2353.2599999999998,713057901,8.23,0.87,5.34
2007-11-08,Dow Jones,1594.03,1578.61,1631.71,1565.75,848459495,6.24,7.18,6.7
2007-11-09,Dow Jones,3385.87,3371.65,3412.13,3340.75,215711740,3.06,8.95,13.17
2007-11-10,Dow Jones,4257.54,4208.39,4275.97,4185.39,418032813,1.93,9.37,14.2
2007-11-11,NASDAQ,2528.49,2562.41,2565.7,2489.37,209449581,-2.23,6.18,4.86
2007-11-12,Dow Jones,1529.07,1482.27,1560.1799999999998,1466.81,712970902,-0.41,0.53,13.23
2007-11-13,S&P 500,1786.75,1830.77,1860.03,1754.59,522250176,6.61,7.41,5.36
2007-11-14,NASDAQ,1949.93,1989.14,2003.18,1905.8200000000002,734261468,1.81,1.1,14.62
2007-11-15,Dow Jones,2199.59,2203.1400000000003,2248.6500000000005,2179.48,836305736,8.23,6.7,9.77
2007-11-16,S&P 500,3571.18,3575.54,3590.75,3567.85,617902408,-2.78,7.79,2.09
2007-11-17,NASDAQ,3403.78,3419.1600000000003,3441.65,3377.98,883396181,2.63,7.26,2.44
2007-11-18,NASDAQ,3784.32,3773.03,3811.51,3755.73,19043582,4.7,9.52,3.92
2007-11-19,Dow Jones,2450.01,2464.73,2469.7400000000002,2416.4,96970753,2.75,7.38,4.44
2007-11-20,NASDAQ,4295.99,4250.469999999999,4342.599999999999,4202.919999999999,253180711,8.34,6.93,11.98
2007-11-21,S&P 500,1816.35,1771.75,1835.08,1747.47,725054201,9.84,2.62,4.9
2007-11-22,NASDAQ,2876.16,2871.8799999999997,2880.2,2848.5699999999997,620938998,-3.26,9.25,14.6
2007-11-23,S&P 500,4203.75,4208.71,4228.07,4171.02,245117900,-3.05,1.8,10.27
2007-11-24,NASDAQ,1720.63,1759.41,1789.42,1715.46,72607776,-3.05,9.05,11.0
2007-11-25,Dow Jones,1439.45,1399.92,1465.13,1387.24,438794194,5.22,3.13,4.83
2007-11-26,S&P 500,4534.74,4567.0,4601.73,4488.79,811872270,0.59,1.3,13.61
2007-11-27,NASDAQ,2371.72,2342.72,2374.49,2309.22,270387168,6.0,8.27,10.68
2007-11-28,NASDAQ,3735.48,3724.89,3749.71,3724.22,762625801,1.08,0.02,13.24
2007-11-29,NASDAQ,1101.39,1083.0500000000002,1142.3500000000001,1072.8200000000002,425629312,4.41,8.32,14.43
2007-11-30,S&P 500,3760.19,3750.21,3764.18,3716.07,104752635,6.55,2.62,3.63
2007-12-01,S&P 500,2264.41,2229.46,2307.18,2191.2400000000002,236093899,3.22,8.85,3.26
2007-12-02,S&P 500,1222.96,1223.32,1227.9099999999999,1180.97,947643498,3.09,6.91,12.44
2007-12-03,Dow Jones,3439.25,3469.41,3511.1299999999997,3424.64,725663004,-3.68,6.66,13.26
2007-12-04,Dow Jones,1963.22,1957.3700000000001,1981.26,1910.8200000000002,195253840,1.16,3.65,9.59
2007-12-05,S&P 500,2547.23,2546.29,2577.84,2518.64,631292291,3.19,0.59,6.76
2007-12-06,NASDAQ,1322.32,1357.2,1364.8400000000001,1287.49,731148022,1.93,8.3,10.48
2007-12-07,Dow Jones,1588.65,1609.26,1612.57,1558.8100000000002,208026566,8.51,1.71,5.97
2007-12-08,S&P 500,2191.91,2190.96,2202.71,2184.82,678425195,8.6,3.72,5.1
2007-12-09,NASDAQ,1359.04,1334.81,1365.43,1286.6499999999999,872194572,7.33,6.0,8.35
2007-12-10,Dow Jones,4643.31,4681.8,4697.42,4637.17,117929412,0.63,4.82,4.81
2007-12-11,NASDAQ,1024.19,1031.89,1057.6100000000001,1011.45,237951227,5.76,1.99,8.29
2007-12-12,NASDAQ,2935.44,2907.55,2964.88,2866.8700000000003,943382981,0.93,1.41,14.44
2007-12-13,NASDAQ,1492.99,1469.9,1532.48,1438.97,207358516,-1.51,1.23,12.92
2007-12-14,NASDAQ,2230.72,2261.0299999999997,2293.8399999999997,2188.81,802105158,0.14,8.63,14.24
2007-12-15,Dow Jones,4704.24,4658.65,4734.679999999999,4632.86,918890221,-3.94,0.32,12.48
2007-12-16,Dow Jones,1646.78,1695.99,1716.58,1627.93,769087480,-0.02,9.77,6.61
2007-12-17,Dow Jones,4863.33,4826.37,4887.0199999999995,4780.28,74904693,1.91,1.99,12.56
2007-12-18,S&P 500,1823.18,1852.79,1873.52,1821.3700000000001,393276187,9.33,1.1,14.0
2007-12-19,Dow Jones,3966.26,3955.7400000000002,4008.3700000000003,3912.9300000000003,521564105,-0.3,5.77,14.31
2007-12-20,NASDAQ,3186.71,3185.93,3198.21,3174.39,65348931,8.54,0.8,10.88
2007-12-21,Dow Jones,4537.91,4575.98,4576.2699999999995,4495.47,791402242,-1.57,6.02,4.75
2007-12-22,NASDAQ,3215.97,3207.2599999999998,3248.54,3200.2999999999997,309496792,-2.14,8.51,2.52
2007-12-23,S&P 500,3138.24,3141.99,3152.1099999999997,3109.2299999999996,878699542,2.78,0.48,3.91
2007-12-24,NASDAQ,1781.83,1736.76,1826.34,1692.35,663095194,5.09,8.0,14.55
2007-12-25,NASDAQ,1664.92,1615.15,1707.8700000000001,1591.47,873623164,-4.34,3.94,8.01
2007-12-26,NASDAQ,4665.96,4640.44,4669.8,4603.11,533177567,-1.68,1.59,13.11
2007-12-27,S&P 500,2311.35,2329.41,2334.73,2271.12,312379094,1.84,1.76,8.05
2007-12-28,Dow Jones,2488.33,2450.46,2513.09,2413.64,304022190,-0.03,9.19,10.59
2007-12-29,Dow Jones,4039.29,4000.67,4069.75,3954.4,625053735,5.69,1.11,2.31
2007-12-30,S&P 500,2355.29,2346.39,2369.04,2324.0499999999997,552197220,2.67,8.67,5.25
2007-12-31,NASDAQ,4808.25,4823.03,4858.87,4799.59,833087042,-2.59,5.44,7.67
2008-01-01,Dow Jones,3951.71,3972.92,4002.67,3949.32,842264610,8.42,0.39,10.2
2008-01-02,S&P 500,3389.72,3357.5699999999997,3405.9599999999996,3345.2499999999995,686980684,-0.61,4.64,4.23
2008-01-03,Dow Jones,4523.58,4481.54,4524.85,4474.38,718147297,5.97,8.17,11.94
2008-01-04,S&P 500,1198.42,1242.46,1279.97,1170.52,901608343,6.7,7.26,6.74
2008-01-05,NASDAQ,2028.25,2004.32,2038.99,1995.07,325601280,9.45,4.89,12.63
2008-01-06,Dow Jones,2860.15,2895.48,2937.2,2858.2000000000003,430549899,2.48,8.6,3.27
2008-01-07,S&P 500,1907.91,1944.26,1965.27,1906.1100000000001,917240647,4.24,1.2,10.84
2008-01-08,Dow Jones,3975.62,4002.87,4031.72,3934.04,998619794,0.02,9.1,5.81
2008-01-09,Dow Jones,4676.83,4643.71,4720.48,4614.14,688936264,5.17,8.46,12.34
2008-01-10,Dow Jones,2695.08,2727.2599999999998,2770.4399999999996,2677.18,214085083,1.95,7.08,7.23
2008-01-11,Dow Jones,2368.53,2395.46,2414.04,2323.82,192670605,1.56,8.18,10.65
2008-01-12,S&P 500,4846.2,4855.87,4866.3099999999995,4842.69,6614810,7.83,5.44,14.15
2008-01-13,NASDAQ,2779.41,2763.1299999999997,2818.17,2714.1099999999997,10704081,-4.25,6.75,2.27
2008-01-14,S&P 500,2956.19,2932.44,2977.84,2901.63,826755433,8.23,5.61,2.14
2008-01-15,S&P 500,2406.6,2368.79,2416.2,2359.62,692771176,7.78,3.55,12.01
2008-01-16,S&P 500,4638.19,4639.169999999999,4684.389999999999,4604.24,637756421,2.6,5.69,10.4
2008-01-17,NASDAQ,3275.82,3284.3500000000004,3294.26,3237.65,638770400,2.35,2.57,5.81
2008-01-18,Dow Jones,4048.7,4034.6299999999997,4049.99,4013.16,887424292,0.43,4.4,8.43
2008-01-19,Dow Jones,4247.23,4244.7699999999995,4248.24,4201.69,575977769,9.91,2.81,2.55
2008-01-20,Dow Jones,2367.4,2353.75,2398.52,2346.21,219668120,-3.33,1.23,4.5
2008-01-21,NASDAQ,2734.78,2748.88,2781.96,2720.84,474680204,3.85,3.22,7.52
2008-01-22,Dow Jones,4393.89,4434.02,4449.570000000001,4389.22,476638069,5.23,8.52,12.84
2008-01-23,NASDAQ,2453.02,2419.41,2469.02,2408.87,167864291,9.01,3.81,8.24
2008-01-24,Dow Jones,4175.74,4163.88,4192.71,4151.9400000000005,17404064,6.7,7.48,9.62
2008-01-25,Dow Jones,4763.97,4728.06,4797.9800000000005,4682.18,893872404,4.66,1.75,13.36
2008-01-26,S&P 500,3492.84,3505.33,3508.24,3488.9300000000003,884722593,-3.25,4.24,6.01
2008-01-27,NASDAQ,3966.51,3989.4,4035.86,3945.1400000000003,630486391,0.61,1.15,11.11
2008-01-28,S&P 500,4220.39,4263.58,4274.71,4193.77,326299299,-2.92,1.39,13.2
2008-01-29,S&P 500,4380.16,4358.05,4430.139999999999,4313.12,478671568,8.22,6.17,4.63
2008-01-30,S&P 500,2580.21,2625.23,2633.81,2530.33,55713353,6.24,6.07,6.63
2008-01-31,NASDAQ,1205.05,1161.3799999999999,1243.6299999999999,1123.7099999999998,137759254,6.36,2.13,14.74
2008-02-01,NASDAQ,2607.51,2617.8100000000004,2628.9800000000005,2558.9700000000003,468301419,4.78,4.74,14.78
2008-02-02,Dow Jones,3695.02,3650.73,3699.06,3611.37,674425146,2.61,8.63,4.9
2008-02-03,S&P 500,2801.4,2840.78,2884.53,2753.2400000000002,282167233,-2.75,1.74,2.86
2008-02-04,Dow Jones,3995.85,3998.83,4041.77,3960.49,474515746,-0.05,0.19,5.52
2008-02-05,S&P 500,2427.93,2444.8599999999997,2465.0399999999995,2423.94,560973261,-2.95,6.52,7.17
2008-02-06,NASDAQ,3538.98,3572.14,3607.2599999999998,3518.88,895894840,5.87,0.53,7.73
2008-02-07,NASDAQ,1745.68,1710.71,1773.53,1678.38,16489518,-2.6,9.8,10.04
2008-02-08,NASDAQ,3997.48,3951.34,4040.13,3933.8,689854508,5.53,6.1,13.69
2008-02-09,S&P 500,3182.78,3220.67,3236.42,3169.11,495898344,5.38,4.7,6.29
2008-02-10,NASDAQ,1816.26,1797.75,1842.44,1768.88,491891905,1.89,4.3,13.05
2008-02-11,S&P 500,2167.64,2130.54,2191.91,2083.86,754402386,-2.97,5.73,3.22
2008-02-12,Dow Jones,3994.43,3991.2799999999997,4012.1299999999997,3989.5299999999997,177432463,-0.28,0.91,2.54
2008-02-13,S&P 500,2930.4,2940.23,2984.8,2891.94,546550058,-0.2,9.3,8.55
2008-02-14,Dow Jones,1864.13,1817.23,1872.42,1781.09,557312555,5.51,6.26,2.78
2008-02-15,S&P 500,4869.08,4846.57,4876.5599999999995,4798.37,200147352,-3.29,1.84,7.1
2008-02-16,Dow Jones,3860.5,3813.78,3889.35,3767.2400000000002,400313408,7.44,5.63,13.66
2008-02-17,NASDAQ,4828.54,4820.57,4861.41,4782.46,300190401,6.42,1.33,5.14
2008-02-18,Dow Jones,2708.42,2747.9300000000003,2757.6600000000003,2682.4,674078810,-2.21,0.18,11.18
2008-02-19,NASDAQ,2900.4,2948.67,2968.21,2890.19,866551873,5.79,6.31,5.93
2008-02-20,NASDAQ,4591.82,4605.5199999999995,4652.849999999999,4564.5599999999995,912975673,5.03,6.48,2.58
2008-02-21,Dow Jones,3100.2,3066.3599999999997,3112.5299999999997,3028.0899999999997,393170205,6.22,5.84,9.24
2008-02-22,S&P 500,3829.12,3869.7,3903.12,3784.3399999999997,232752626,-2.17,1.83,12.85
2008-02-23,S&P 500,2008.69,2010.31,2047.32,1969.2,931354313,-2.64,6.03,7.32
2008-02-24,S&P 500,2786.91,2752.2799999999997,2809.3199999999997,2742.5199999999995,483927890,-1.45,0.57,10.02
2008-02-25,S&P 500,1493.8,1535.97,1582.8500000000001,1463.82,405411369,0.49,6.09,13.7
2008-02-26,S&P 500,1823.92,1849.67,1886.5,1807.3100000000002,364121103,6.9,5.54,12.27
2008-02-27,NASDAQ,1003.77,1026.94,1049.8400000000001,1003.31,220711628,6.07,6.55,4.52
2008-02-28,S&P 500,1157.06,1177.98,1206.45,1147.05,191027695,8.88,8.95,11.53
2008-02-29,NASDAQ,4909.14,4879.17,4943.77,4873.51,63668031,-4.12,8.5,8.52
2008-03-01,NASDAQ,1969.41,1940.51,1999.02,1898.37,154879409,-4.83,9.81,11.7
2008-03-02,NASDAQ,3653.24,3672.0699999999997,3715.9999999999995,3640.31,903170423,5.49,9.76,8.43
2008-03-03,Dow Jones,4356.4,4328.37,4374.24,4314.14,886758407,-0.81,7.72,3.66
2008-03-04,Dow Jones,3202.64,3196.5099999999998,3217.6299999999997,3148.5099999999998,146672119,0.01,9.56,9.41
2008-03-05,NASDAQ,1612.58,1640.78,1651.47,1593.6299999999999,561585137,3.2,8.67,8.4
2008-03-06,Dow Jones,3912.47,3940.87,3942.7599999999998,3911.99,799316126,-3.46,7.28,8.73
2008-03-07,S&P 500,3401.01,3396.34,3403.1600000000003,3382.15,597766892,4.64,0.75,13.43
2008-03-08,S&P 500,3925.0,3954.22,3997.72,3919.04,778294296,-0.12,0.49,13.63
2008-03-09,NASDAQ,4078.99,4112.849999999999,4146.7699999999995,4073.85,975733242,4.49,8.38,7.9
2008-03-10,S&P 500,4901.64,4917.12,4950.15,4897.77,227063782,7.51,4.9,7.92
2008-03-11,NASDAQ,3294.25,3267.09,3324.98,3237.4300000000003,274066900,-2.43,8.15,8.7
2008-03-12,NASDAQ,2366.56,2343.96,2409.02,2334.4900000000002,935042038,8.96,3.13,8.75
2008-03-13,S&P 500,3593.86,3575.34,3617.8700000000003,3557.28,677342840,2.96,3.98,14.36
2008-03-14,Dow Jones,1273.76,1235.44,1317.28,1192.3400000000001,86910001,8.84,7.0,10.44
2008-03-15,S&P 500,4589.59,4566.91,4607.56,4545.69,303579301,-1.88,9.15,5.61
2008-03-16,S&P 500,1477.52,1448.47,1523.86,1402.69,442387176,4.07,0.88,8.91
2008-03-17,NASDAQ,2311.37,2306.9,2346.2999999999997,2282.0,523425925,1.06,8.61,10.15
2008-03-18,NASDAQ,4262.98,4303.82,4316.679999999999,4243.04,990814609,6.61,7.93,10.32
